ORF,5_UTR,3_UTR
YNL292W,1,0
YJL207C,1,21
YMR185W,1,32
YDR423C,1,52
YLR007W,1,65
YMR138W,1,70
YNL073W,1,78
YIL064W,1,80
YJR067C,1,98
YDL098C,1,113
YDR034C-A,2,28
YIL006W,2,31
YPR033C,2,45
YML042W,2,59
YDR131C,2,78
YEL047C,2,92
YCR073C,3,43
YGL086W,3,51
YGL223C,3,62
YKR045C,3,66
YJR055W,3,69
YKL034W,3,114
YHR158C,3,118
YGR102C,3,152
YFR019W,3,175
YDR263C,3,279
YGR050C,3,847
YAL037C-A,4,41
YHL032C,4,61
YBR247C,4,94
YJR142W,4,110
YPL259C,4,122
YBR269C,4,128
YEL006W,4,183
YJR115W,4,351
YBR074W,5,26
YPR175W,5,56
YJR006W,5,58
YIL049W,5,71
YJR062C,5,71
YGR125W,5,80
YDR511W,5,84
YPR189W,5,129
YIL072W,5,156
YOL071W,5,175
YAL016C-B,5,273
YDL090C,6,25
YOR249C,6,34
YOL094C,6,48
YBL057C,6,51
YMR074C,6,51
YOR289W,6,54
YOL140W,6,60
YGR080W,6,72
YLR218C,6,80
YMR078C,6,86
YHL029C,6,93
YHR197W,6,107
YBR267W,6,121
YNL069C,6,132
YCR051W,6,134
YBR254C,6,138
YDR141C,6,155
YOL114C,7,14
YFL041W-A,7,45
YLR144C,7,53
YAL044C,7,61
YHR060W,7,67
YBL104C,7,75
YBR268W,7,95
YER156C,7,97
YJR032W,7,108
YCL008C,7,109
YLR351C,7,111
YHR069C,7,116
YKR078W,7,168
YOR301W,7,284
YKR085C,8,35
YPL001W,8,54
YNL313C,8,59
YOR241W,8,59
YDR500C,8,67
YEL043W,8,69
YPR030W,8,71
YDL178W,8,74
YBR062C,8,86
YGR275W,8,92
YOR357C,8,102
YKR019C,8,105
YIL042C,8,108
YIL077C,8,111
YPL109C,8,114
YMR286W,8,122
YPL171C,8,126
YGR014W,8,128
YDL029W,8,129
YPL263C,8,130
YDL169C,8,132
YMR225C,8,134
YJL091C,8,142
YCR020C-A,8,146
YAL051W,8,151
YMR294W,8,171
YOR354C,8,173
YDR476C,8,181
YPR110C,8,194
YJL004C,8,265
YGR003W,9,24
YKL025C,9,33
YNR015W,9,39
YKR049C,9,41
YGR001C,9,44
YPL199C,9,56
YEL005C,9,72
YGR232W,9,72
YIL040W,9,75
YCL027W,9,80
YKR007W,9,82
YGR274C,9,85
YHR083W,9,87
YKL179C,9,92
YIR011C,9,94
YDR205W,9,100
YNL048W,9,101
YML096W,9,106
YDL012C,9,134
YDL092W,9,138
YNR036C,9,138
YKL197C,9,152
YBR010W,9,162
YAR027W,9,178
YLR151C,9,182
YHL033C,9,468
YOR279C,10,29
YGR058W,10,51
YNL315C,10,56
YDR257C,10,61
YNL022C,10,69
YCL047C,10,81
YOR202W,10,82
YLR146W-A,10,87
YMR019W,10,94
YJR074W,10,95
YNL024C,10,98
YLR362W,10,113
YMR211W,10,136
YOL070C,10,144
YLR115W,10,148
YDR041W,10,156
YLR059C,10,160
YDL157C,10,161
YML129C,10,170
YKR090W,10,191
YKL156W,10,209
YER037W,10,221
YHR116W,10,256
YDR081C,11,0
YDR198C,11,25
YKL060C,11,28
YML114C,11,33
YLR022C,11,38
YOR236W,11,53
YOR390W,11,60
YCL009C,11,62
YDR336W,11,76
YCL010C,11,82
YLR085C,11,84
YNL038W,11,85
YLR290C,11,86
YBR011C,11,90
YJL037W,11,111
YIL115W-A,11,113
YNL252C,11,116
YKL152C,11,117
YBR007C,11,127
YPR195C,11,164
YIL076W,11,165
YDR378C,11,184
YPR071W,11,341
YLR336C,11,929
YIR012W,11,1173
YPL094C,12,44
YLL061W,12,50
YPL064C,12,65
YDR173C,12,73
YIL043C,12,84
YHR097C,12,104
YMR061W,12,112
YDL008W,12,113
YIL079C,12,117
YKL149C,12,119
YJL190C,12,129
YOL015W,12,131
YNL253W,12,132
YPL009C,12,191
YJR050W,12,259
YBR092C,13,23
YDR375C,13,33
YBR087W,13,52
YLR456W,13,58
YLR051C,13,66
YOR285W,13,69
YIL002W-A,13,72
YOL127W,13,81
YKR065C,13,95
YPR047W,13,100
YOR167C,13,101
YLL050C,13,102
YFL002C,13,106
YPL038W,13,113
YHR006W,13,124
YIL007C,13,138
YDL238C,13,140
YLR330W,13,146
YNR038W,13,149
YOR165W,13,159
YFL041W,13,173
YDR120C,13,185
YAL003W,13,210
YOR066W,13,231
YNL245C,13,600
YLR264W,13,643
YLR162W,14,10
YBR230C,14,11
YMR067C,14,11
YLR305C,14,37
YDR305C,14,38
YHR085W,14,41
YIR008C,14,42
YGR285C,14,45
YPL153C,14,45
YBR289W,14,52
YOR312C,14,55
YBR037C,14,58
YBR252W,14,64
YIL148W,14,66
YPR174C,14,74
YBR118W,14,88
YBR271W,14,96
YLR147C,14,97
YLR335W,14,98
YGR216C,14,101
YKR048C,14,109
YHR110W,14,110
YNL136W,14,128
YGR028W,14,131
YNR043W,14,143
YDL160C-A,14,176
YBL059C-A,14,219
YNL255C,14,259
YHR148W,14,313
YBR056W-A,14,446
YBL080C,14,1231
YOR182C,15,42
YIL034C,15,52
YOR144C,15,54
YML125C,15,57
YOR367W,15,63
YJR129C,15,64
YBL076C,15,67
YDR478W,15,67
YGR263C,15,70
YDR391C,15,74
YKL003C,15,74
YJL180C,15,83
YOR001W,15,85
YNL302C,15,95
YKL172W,15,101
YCR073W-A,15,114
YML124C,15,117
YCR060W,15,124
YGR174C,15,125
YPR135W,15,125
YHR034C,15,131
YBR255W,15,139
YFL010C,15,139
YNL083W,15,156
YCR059C,15,161
YIL071C,15,205
YGL122C,15,223
YHR024C,15,249
YML067C,16,12
YFL001W,16,25
YDR424C,16,37
YIL061C,16,46
YHR039C-A,16,54
YOR128C,16,55
YLR128W,16,71
YMR142C,16,73
YPR180W,16,73
YOL064C,16,74
YLR262C-A,16,79
YDL226C,16,81
YFR002W,16,83
YDR025W,16,90
YOR158W,16,90
YHR113W,16,97
YMR048W,16,100
YPR132W,16,100
YHR031C,16,102
YFR045W,16,106
YMR236W,16,117
YPL176C,16,117
YKL167C,16,123
YJR065C,16,124
YNL026W,16,124
YPL268W,16,134
YPR017C,16,143
YLR069C,16,145
YPR101W,16,145
YER009W,16,165
YJR091C,16,165
YDR463W,16,189
YJL062W-A,16,199
YOR040W,16,201
YPL134C,16,280
YEL048C,16,556
YHR140W,17,48
YLR412W,17,49
YDL213C,17,50
YOR197W,17,53
YER183C,17,55
YJR046W,17,62
YNL166C,17,64
YPR046W,17,66
YIL114C,17,68
YLR361C-A,17,72
YAL033W,17,74
YFL016C,17,78
YGL143C,17,79
YCR016W,17,81
YDL237W,17,81
YDR016C,17,85
YKR008W,17,85
YCR046C,17,88
YNR037C,17,90
YFL048C,17,93
YDL130W,17,95
YCR075W-A,17,98
YBR035C,17,99
YML099C,17,100
YGL011C,17,103
YHR040W,17,105
YMR157C,17,105
YJL191W,17,106
YBR229C,17,109
YNL247W,17,112
YGR124W,17,113
YKR079C,17,124
YCL057W,17,127
YHL001W,17,129
YHR201C,17,131
YNL004W,17,131
YPL074W,17,132
YJR016C,17,135
YDR461W,17,147
YBL006C,17,156
YJL039C,17,179
YER043C,17,193
YER071C,17,200
YJR002W,17,361
YNL059C,18,7
YGR077C,18,20
YIL016W,18,26
YGL231C,18,39
YHR193C,18,44
YOR323C,18,45
YKL203C,18,55
YHR063C,18,56
YGR081C,18,58
YOR286W,18,59
YGR128C,18,60
YOR036W,18,71
YDL044C,18,74
YPR082C,18,77
YDR429C,18,78
YOR258W,18,83
YOL022C,18,85
YDR236C,18,86
YGL103W,18,86
YER058W,18,87
YGL127C,18,90
YLR240W,18,91
YDR447C,18,97
YGL147C,18,98
YML014W,18,98
YMR022W,18,102
YCL057C-A,18,108
YIR004W,18,110
YIL097W,18,111
YPL116W,18,111
YMR193W,18,114
YCL054W,18,120
YKR035W-A,18,123
YLR175W,18,124
YER128W,18,126
YDR301W,18,129
YER178W,18,134
YKL128C,18,137
YIL004C,18,142
YKL204W,18,148
YKR094C,18,152
YCR035C,18,154
YBL021C,18,159
YIL053W,18,160
YDR174W,18,173
YMR214W,18,181
YML026C,18,185
YDL175C,18,223
YEL061C,18,248
YLR195C,18,280
YDL232W,18,290
YKL194C,18,389
YNL152W,18,868
YJL102W,19,3
YPR120C,19,9
YER083C,19,25
YFR044C,19,28
YKR088C,19,45
YDR518W,19,51
YIL154C,19,52
YGR186W,19,53
YGR277C,19,53
YER056C-A,19,58
YGL245W,19,62
YLR099W-A,19,62
YPR015C,19,62
YKL160W,19,70
YJR057W,19,71
YML079W,19,71
YOL120C,19,71
YMR154C,19,73
YDR287W,19,75
YDR258C,19,84
YNL125C,19,92
YNL306W,19,93
YJL186W,19,95
YKL078W,19,95
YLR185W,19,99
YBR260C,19,103
YIL113W,19,112
YKR059W,19,112
YOR253W,19,114
YJR022W,19,119
YJR090C,19,120
YKL033W,19,131
YGL111W,19,152
YBR034C,19,157
YGR103W,19,167
YJL046W,19,183
YNL135C,19,198
YKR020W,19,205
YJL024C,19,219
YPL255W,19,225
YLL011W,19,246
YGL106W,19,249
YDR243C,20,0
YOR287C,20,27
YIR030C,20,29
YDL239C,20,33
YIR023W,20,36
YBR150C,20,43
YPL143W,20,50
YDR390C,20,54
YLR209C,20,63
YAL001C,20,64
YNL178W,20,65
YBL087C,20,70
YGL048C,20,70
YHL019C,20,71
YOR234C,20,72
YKL191W,20,83
YDR167W,20,84
YLR061W,20,87
YER127W,20,88
YMR208W,20,88
YML105C,20,89
YDL083C,20,98
YAL010C,20,99
YPL131W,20,100
YKR066C,20,104
YPR062W,20,104
YPR113W,20,104
YDR528W,20,106
YLR309C,20,108
YMR312W,20,111
YDR471W,20,119
YBL090W,20,120
YNL304W,20,122
YMR215W,20,129
YOR021C,20,133
YMR260C,20,134
YKL007W,20,140
YDR461C-A,20,142
YDL066W,20,143
YKL127W,20,144
YAL055W,20,154
YPL002C,20,163
YAL036C,20,167
YLL014W,20,168
YGL137W,20,190
YJL054W,20,191
YCR052W,20,211
YPL075W,20,216
YNL179C,20,955
YGL060W,21,0
YPR098C,21,21
YBR221W-A,21,31
YBR256C,21,31
YGR129W,21,46
YNR035C,21,46
YOR259C,21,46
YKL207W,21,54
YGR214W,21,60
YKL138C-A,21,60
YCR024C,21,63
YJL055W,21,63
YJR145C,21,69
YDL075W,21,70
YLR222C,21,78
YKL146W,21,83
YDR064W,21,84
YNL312W,21,85
YPL138C,21,85
YGR042W,21,86
YNL314W,21,86
YLR065C,21,87
YNR022C,21,88
YBL085W,21,90
YEL031W,21,90
YDL182W,21,93
YLR288C,21,94
YIL116W,21,95
YMR035W,21,102
YAL035W,21,104
YLR191W,21,106
YEL064C,21,111
YPL097W,21,111
YBR143C,21,117
YJL136C,21,120
YBR080C,21,122
YLR292C,21,132
YOR196C,21,140
YDR023W,21,158
YER150W,21,165
YOR188W,21,165
YPL221W,21,173
YBR141C,21,181
YLR441C,21,185
YNR021W,21,186
YFL044C,21,191
YBL031W,21,226
YGL213C,21,232
YJL144W,21,234
YGR045C,21,260
YGR234W,21,270
Q0080,21,294
YPR025C,21,319
YIL138C,21,322
YKL058W,21,357
YOR204W,21,722
YBR058C,22,25
YER185W,22,28
YIL111W,22,34
YOR292C,22,35
YPR100W,22,38
YPR069C,22,39
YKR004C,22,41
YOL092W,22,43
YPL208W,22,44
YGR212W,22,51
YLR072W,22,55
YJL010C,22,61
YER006W,22,63
YML112W,22,65
YJR144W,22,69
YNL072W,22,69
YCR031C,22,78
YML092C,22,79
YOR310C,22,79
YGR198W,22,82
YHL013C,22,89
YGL100W,22,90
YNL162W,22,90
YPL147W,22,94
YJR135W-A,22,100
YOR250C,22,100
YDL101C,22,105
YJR112W-A,22,110
YDR130C,22,111
YGR104C,22,117
YML024W,22,119
YBL098W,22,124
YDR158W,22,124
YKL195W,22,130
YNL108C,22,135
YIR018W,22,144
YPL161C,22,158
YGL166W,22,161
YGL088W,22,163
YFL017C,22,179
YGR231C,22,201
YJL013C,22,249
YBL010C,22,257
YNL214W,22,261
YGL070C,22,307
YNL159C,22,310
YHR067W,22,334
YDL021W,22,1198
YBR013C,23,21
YIL153W,23,37
YBR258C,23,39
YBR173C,23,40
YDL200C,23,45
YJR086W,23,45
YCL028W,23,51
YOL142W,23,51
YEL015W,23,56
YLR396C,23,56
YJL069C,23,67
YDR469W,23,69
YOR224C,23,69
YBR189W,23,71
YBR055C,23,72
YPR043W,23,75
YDR363W-A,23,76
YFR029W,23,76
YBL040C,23,78
YPR187W,23,78
YER036C,23,84
YIL041W,23,87
YDL144C,23,90
YBL027W,23,91
YMR186W,23,93
YOR126C,23,94
YKR087C,23,95
YJL178C,23,98
YKL141W,23,99
YOL072W,23,99
YAL030W,23,105
YDR168W,23,105
YMR276W,23,107
YML107C,23,111
YOR164C,23,112
YMR298W,23,116
YDR450W,23,119
YOL158C,23,127
YPL271W,23,129
YBR003W,23,130
YDL080C,23,156
YHR208W,23,156
YDR503C,23,158
YGR282C,23,176
YNL067W,23,178
YDL133C-A,23,179
YDL184C,23,189
YJR017C,23,218
YLR325C,23,218
YGL043W,23,231
YHR082C,23,246
YML036W,23,250
YPL103C,23,259
YKL061W,23,267
YLR014C,23,278
YOR141C,23,284
YNR054C,24,35
YCL051W,24,42
YJR085C,24,44
YJL151C,24,45
YHR118C,24,47
YCR090C,24,51
YHR141C,24,53
YLR459W,24,54
YNL310C,24,54
YMR062C,24,61
YOL026C,24,66
YLR098C,24,67
YMR099C,24,67
YOR020C,24,79
YNR010W,24,86
YKR063C,24,87
YGL076C,24,88
YKL094W,24,91
YGR222W,24,94
YER182W,24,95
YGL172W,24,95
YKR084C,24,99
YDL036C,24,103
YCR003W,24,104
YOR037W,24,104
YGL210W,24,108
YHR074W,24,113
YLL024C,24,113
YLR102C,24,115
YER031C,24,116
YCR083W,24,118
YOR063W,24,120
YNL209W,24,121
YHR010W,24,123
YFR024C-A,24,129
YDR194C,24,132
YGR155W,24,133
YDR524C-B,24,136
YPL225W,24,136
YJL112W,24,141
YDR246W,24,151
YPL215W,24,154
YAL025C,24,165
YGR118W,24,174
YDR221W,24,181
YNL153C,24,188
YGL252C,24,217
YPL005W,24,294
YML095C,24,699
YOR353C,25,11
YNL322C,25,27
YMR097C,25,32
YGL093W,25,40
YLR074C,25,42
YGR283C,25,51
YCL033C,25,53
YLL045C,25,53
YLR165C,25,53
YML073C,25,53
YIR024C,25,54
YDL100C,25,57
YER154W,25,63
YPR048W,25,66
YNR060W,25,69
YNR023W,25,72
YLR420W,25,78
YPR055W,25,79
YEL001C,25,80
YGR262C,25,82
YMR109W,25,83
YKL100C,25,86
YNR019W,25,92
YDR116C,25,97
YPL105C,25,98
YER162C,25,100
YHL030W,25,102
YMR059W,25,105
YPL096W,25,106
YGR196C,25,108
YKL180W,25,111
YOL119C,25,120
YNL244C,25,121
YBL036C,25,125
YMR235C,25,137
YBR009C,25,147
YKL117W,25,151
YBR111W-A,25,159
YOR207C,25,163
YOL075C,25,196
YNL031C,25,227
YKR016W,25,228
YER161C,25,246
YNL246W,25,279
YHL015W,25,295
YIL028W,25,417
YOL076W,26,0
YJL123C,26,19
YNR041C,26,20
YLR027C,26,21
YLR063W,26,34
YLR172C,26,46
YHR146W,26,48
YEL038W,26,55
YOL146W,26,59
YPL031C,26,61
YNL102W,26,62
YBR079C,26,64
YPR102C,26,65
YNL232W,26,66
YLR029C,26,68
YJL192C,26,69
YNR003C,26,75
YHR192W,26,78
YOR062C,26,79
YGR207C,26,85
YIL018W,26,89
YDR080W,26,90
YFR037C,26,92
YGL151W,26,93
YPL086C,26,94
YKL012W,26,96
YIR038C,26,97
YGL159W,26,97
YAR002W,26,100
YGL226W,26,100
YGL012W,26,104
YPR199C,26,104
YDR244W,26,106
YPL126W,26,107
YOL097C,26,113
YLR291C,26,114
YAL009W,26,115
YCL002C,26,116
YOR275C,26,116
YER126C,26,123
YPR083W,26,123
YDL208W,26,128
YJL008C,26,128
YFR031C-A,26,133
YDR435C,26,140
YJL172W,26,141
YMR256C,26,141
YDL082W,26,143
YDR231C,26,147
YDR031W,26,149
YDR139C,26,153
YNL138W,26,154
YMR191W,26,163
YPR133W-A,26,164
YBR139W,26,171
YDL236W,26,183
YOR179C,26,223
YFR008W,26,339
YDR138W,26,429
YLR132C,27,13
YMR060C,27,14
YBL086C,27,21
YOL005C,27,26
YHR156C,27,28
YNL050C,27,55
YFL028C,27,56
YMR269W,27,57
YNR040W,27,57
YIL091C,27,61
YGR085C,27,66
YML063W,27,66
YJL098W,27,69
YER023W,27,70
YGL232W,27,73
YDR316W,27,74
YIL103W,27,74
YDR233C,27,76
YHR017W,27,76
YHR025W,27,81
YGR280C,27,86
YBR091C,27,87
YDR321W,27,90
YLR449W,27,90
YJL088W,27,97
YER120W,27,99
YHR203C,27,106
YKL049C,27,106
YPL079W,27,106
YBR261C,27,108
YLL008W,27,110
YKR030W,27,113
YGL112C,27,117
YHR076W,27,117
YLL018C,27,130
YPR143W,27,130
YHR052W,27,133
YOR243C,27,135
YJL189W,27,138
YCL044C,27,147
YDL121C,27,164
YGL108C,27,165
YJL158C,27,165
YLR406C,27,165
YCR034W,27,169
YHR127W,27,171
YKR060W,27,178
YBR210W,27,216
YBL079W,27,280
YBL078C,27,459
YOL065C,28,14
YLR409C,28,30
YDR339C,28,34
YJL077C,28,35
YDR239C,28,46
YEL055C,28,49
YOL073C,28,51
YFR047C,28,55
YDL086W,28,58
YIL127C,28,62
YMR293C,28,63
YMR128W,28,65
YOL149W,28,65
YIR026C,28,70
YBR181C,28,71
YDR101C,28,74
YPL144W,28,78
YLR231C,28,82
YMR143W,28,85
YDL040C,28,87
YFR025C,28,88
YHR065C,28,88
YIL026C,28,91
YBR149W,28,103
YER074W,28,104
YPR051W,28,110
YKL006W,28,111
YDR181C,28,113
YOL033W,28,114
YKL192C,28,116
YLR247C,28,118
YPL146C,28,118
YLR075W,28,120
YMR064W,28,122
YDR486C,28,124
YER164W,28,125
YBR171W,28,127
YDR100W,28,128
YLR058C,28,128
YPL249C-A,28,128
YIL019W,28,132
YDL136W,28,137
YGL227W,28,140
YLR136C,28,141
YDR385W,28,153
YOR223W,28,163
YIL010W,28,180
YNL006W,28,180
YKL157W,28,198
YDL005C,28,203
YMR251W-A,28,204
YKL205W,28,205
YKL081W,28,207
YBR048W,28,210
YFR034C,28,350
YPL236C,28,1080
YJL170C,29,0
YGL153W,29,7
YHL038C,29,9
YOL066C,29,40
YJR104C,29,48
YNL002C,29,48
YML002W,29,54
YHL023C,29,55
YIL062C,29,56
YER003C,29,56
YPL122C,29,56
YER057C,29,60
YER074W-A,29,60
YMR310C,29,60
YNR029C,29,61
YBL033C,29,63
YGL241W,29,63
YDR057W,29,65
YLR109W,29,70
YJL184W,29,75
YGL171W,29,76
YNR032C-A,29,78
YBR288C,29,79
YER145C,29,83
YKL193C,29,83
YJL033W,29,84
YOR150W,29,84
YPL096C-A,29,85
YDR249C,29,90
YOL021C,29,90
YDR311W,29,92
YPL198W,29,92
YGR150C,29,100
YBR290W,29,102
YGL148W,29,105
YNL217W,29,105
YPL249C,29,105
YLR010C,29,106
YJL203W,29,112
YGR078C,29,113
YLR274W,29,115
YBL058W,29,118
YGR034W,29,131
YHR049W,29,131
YKR043C,29,135
YDL173W,29,143
YPL051W,29,146
YBR012C,29,147
YFL046W,29,150
YMR178W,29,154
YCL063W,29,155
YMR033W,29,156
YJL122W,29,157
YAL038W,29,166
YBR109C,29,171
YLL001W,29,176
YOR189W,29,225
YML058W,29,241
YJR138W,29,319
YAR003W,29,496
YIL063C,30,16
YPL037C,30,31
YKL069W,30,35
YBL018C,30,36
YML055W,30,45
YDR255C,30,46
YKL001C,30,51
YGR276C,30,54
YJL006C,30,55
YJL063C,30,59
YPL233W,30,60
YOR206W,30,66
YBR262C,30,69
YOR048C,30,70
YOR168W,30,71
YCR076C,30,73
YDR196C,30,73
YMR013W-A,30,78
YMR137C,30,81
YLL049W,30,87
YER022W,30,92
YOR096W,30,92
YHR088W,30,95
YDR369C,30,96
YGL195W,30,96
YLR419W,30,98
YJR047C,30,100
YLR239C,30,100
YDL051W,30,103
YJR088C,30,106
YBR067C,30,110
YKR092C,30,118
YML009C,30,119
YJL081C,30,123
YMR278W,30,124
YMR116C,30,132
YDR308C,30,138
YDL170W,30,146
YOL129W,30,149
YJR049C,30,151
YBR156C,30,154
YNL281W,30,162
YER007C-A,30,165
YJL104W,30,169
YLR421C,30,212
YER051W,30,216
YJR068W,30,234
YKL216W,30,241
YEL017C-A,30,447
YLR055C,31,15
YCR097W,31,19
YIL052C,31,29
YKL065C,31,29
YKR069W,31,29
YOR265W,31,36
YDR152W,31,37
YMR226C,31,37
YKL006C-A,31,41
YDR051C,31,42
YDR050C,31,56
YDL065C,31,58
YGL026C,31,58
YGR197C,31,58
YKL122C,31,58
YJR073C,31,59
YLR084C,31,59
YFL034C-A,31,60
YHL036W,31,64
YER117W,31,65
YNR044W,31,66
YJL096W,31,67
YPR129W,31,71
YHR064C,31,72
YNL234W,31,74
YBR280C,31,78
YDL064W,31,89
YIL003W,31,90
YOL096C,31,92
YMR230W,31,95
YIL096C,31,97
YBR105C,31,98
YIL158W,31,98
YJR117W,31,101
YMR038C,31,101
YGL023C,31,106
YML028W,31,108
YLR312W-A,31,111
YBR228W,31,114
YKR074W,31,126
YLR204W,31,126
YIR039C,31,132
YMR036C,31,132
YMR072W,31,133
YLR370C,31,138
YPL090C,31,138
YDR420W,31,142
YBR108W,31,144
YML085C,31,149
YMR272C,31,154
YKL129C,31,156
YNL079C,31,157
YNL177C,31,161
YFL026W,31,172
YCL034W,31,173
YDR458C,31,179
YLR399C,31,179
YCL040W,31,180
YCR017C,31,184
YNR006W,31,188
YDR184C,31,221
YOR111W,31,312
YDR122W,31,345
YLR049C,32,0
YCL056C,32,13
YBR018C,32,26
YER093C,32,35
YBR059C,32,39
YDR498C,32,42
YMR123W,32,42
YJL012C,32,48
YLR044C,32,54
YML062C,32,55
YOL093W,32,58
YOR148C,32,65
YGR024C,32,67
YHR200W,32,67
YNL305C,32,68
YDR530C,32,70
YEL011W,32,70
YOR332W,32,70
YFL017W-A,32,71
YEL058W,32,76
YLR100W,32,81
YER050C,32,85
YLR417W,32,87
YNR053C,32,89
YDR427W,32,99
YJL212C,32,100
YBR275C,32,108
YDL229W,32,108
YKR025W,32,108
YML123C,32,114
YGR172C,32,115
YLR052W,32,121
YJL014W,32,122
YHR042W,32,126
YMR110C,32,132
YLR071C,32,133
YML015C,32,137
YBR169C,32,143
YOR119C,32,146
YMR197C,32,161
YBR131W,32,203
YOL108C,32,205
YFR052W,32,209
YLR036C,32,213
YHR150W,32,216
YLR005W,32,240
YDR502C,32,271
YOR210W,32,293
YML019W,32,295
YBR161W,32,316
YMR079W,32,329
YGL254W,32,412
YKL052C,33,17
YLR216C,33,31
YCR002C,33,40
YAL013W,33,42
YMR114C,33,48
YBL064C,33,49
YBR111C,33,50
YBR286W,33,50
YMR091C,33,50
YOR138C,33,51
YMR210W,33,52
YOR046C,33,52
YPR088C,33,52
YOL124C,33,55
YOR075W,33,55
YFR028C,33,60
YLR146C,33,60
YOL040C,33,67
YBL091C,33,68
YOL038W,33,68
YGR185C,33,71
YNL317W,33,76
YOR252W,33,82
YDL122W,33,83
YJL062W,33,84
YML052W,33,87
YCL031C,33,88
YGR204W,33,88
YBR281C,33,91
YBR273C,33,94
YJR009C,33,97
YJL125C,33,102
YNL015W,33,102
YIL070C,33,103
YKR091W,33,109
YIL011W,33,112
YJR092W,33,112
YHR066W,33,115
YBR207W,33,119
YDL045W-A,33,119
YNL327W,33,119
YPR080W,33,123
YGR123C,33,127
YNL112W,33,127
YLR200W,33,129
YPL211W,33,129
YNL115C,33,135
YCL016C,33,136
YDL058W,33,136
YIL143C,33,139
YGL130W,33,141
YMR285C,33,141
YOR293W,33,143
YER033C,33,144
YKL013C,33,148
YCL052C,33,153
YOR017W,33,155
YDR019C,33,156
YNL071W,33,157
YKL190W,33,170
YKR057W,33,180
YPR063C,33,183
YDR322C-A,33,184
YML131W,33,190
YBL028C,33,195
YML048W,33,195
YDR361C,33,231
YOR385W,33,243
YNR027W,33,248
YHR132W-A,33,316
YDR410C,34,1
YDL057W,34,26
YJR072C,34,29
YDR183W,34,35
YKL057C,34,38
YAL022C,34,39
YFL042C,34,39
YMR219W,34,41
YDR197W,34,55
YDL166C,34,57
YKL091C,34,70
YLR043C,34,70
YGR021W,34,76
YCL059C,34,85
YGR206W,34,88
YLL009C,34,91
YOL003C,34,91
YIL051C,34,93
YNL208W,34,94
YAR015W,34,97
YMR302C,34,98
YML011C,34,99
YER014W,34,107
YMR255W,34,110
YGR055W,34,111
YJR141W,34,111
YGL018C,34,112
YMR004W,34,121
YBL009W,34,122
YOL008W,34,131
YBR185C,34,133
YNL301C,34,134
YBR122C,34,172
YDR210W,34,184
YER087C-B,34,187
YGL253W,34,188
YGL090W,34,190
YNL099C,34,236
YOL052C-A,34,244
YPL014W,34,256
YDR350C,34,288
YKL028W,34,306
YPL127C,34,312
YOL063C,35,31
YAL032C,35,34
YOR067C,35,38
YJR105W,35,45
YLR298C,35,49
YOR201C,35,50
YKL213C,35,54
YLR376C,35,60
YOR288C,35,61
YCL064C,35,62
YPL065W,35,63
YDL052C,35,64
YLR179C,35,64
YMR202W,35,64
YGL017W,35,65
YML008C,35,65
YNL259C,35,66
YMR184W,35,70
YNR013C,35,79
YDR012W,35,80
YLR118C,35,81
YML025C,35,85
YKL098W,35,86
YOL013W-A,35,88
YDL043C,35,93
YCR082W,35,94
YGL211W,35,94
YDR156W,35,95
YGR248W,35,96
YOL016C,35,99
YPL028W,35,101
YOL077W-A,35,103
YDR224C,35,105
YDR176W,35,106
YPL194W,35,106
YPR020W,35,111
YPL172C,35,115
YOR173W,35,117
YPL061W,35,121
YOR383C,35,131
YHR133C,35,136
YBR005W,35,146
YJL218W,35,151
YKL038W,35,155
YCR066W,35,164
YOR220W,35,164
YPR188C,35,187
YDR333C,35,192
YLR285W,35,205
YML030W,35,213
YBR216C,35,219
YHR144C,35,237
YNL111C,35,237
YBR296C,35,246
YGR013W,35,263
YBR217W,35,307
YLR264C-A,35,417
YDR428C,35,701
YNR007C,35,1125
YKL029C,36,9
YER163C,36,18
YIR034C,36,27
YMR049C,36,33
YDR537C,36,34
YOR257W,36,39
YPL060W,36,49
YHR058C,36,54
YLR177W,36,70
YBR255C-A,36,71
YLR259C,36,71
YNL130C,36,72
YDR135C,36,74
YGR005C,36,80
YLR017W,36,80
YER110C,36,81
YCR036W,36,84
YDL007W,36,84
YBR282W,36,85
YDR155C,36,85
YLR398C,36,88
YOR216C,36,88
YPL011C,36,90
YOR244W,36,95
YLL023C,36,100
YPR144C,36,101
YJR080C,36,107
YHR187W,36,110
YML058W-A,36,112
YBR129C,36,113
YHR147C,36,118
YHR005C-A,36,120
YDL159W,36,124
YHR123W,36,125
YLR176C,36,127
YDR128W,36,129
YJR063W,36,137
YDR412W,36,143
YMR120C,36,145
YOR045W,36,157
YLR295C,36,239
YBL071W-A,36,248
YNL052W,36,256
YGR002C,36,259
YDR079W,36,292
YML032C,36,300
YMR282C,36,849
YMR209C,36,1045
YJL030W,37,15
YML104C,37,31
YDR294C,37,32
YOL086W-A,37,34
YKL206C,37,46
YGL059W,37,48
YCR071C,37,50
YBR287W,37,52
YDL048C,37,53
YDL192W,37,58
YFR004W,37,59
YGR209C,37,61
YGR261C,37,66
YIL098C,37,67
YPR014C,37,69
YER013W,37,77
YDR161W,37,81
YBR246W,37,94
YPL183C,37,95
YMR224C,37,99
YLR344W,37,106
YFR042W,37,108
YDR208W,37,115
YIL009C-A,37,121
YPL106C,37,123
YJR069C,37,124
YPL069C,37,125
YPL013C,37,125
YPL123C,37,128
YJR123W,37,129
YOR122C,37,164
YNL145W,37,175
YDR172W,37,178
YIL134W,37,179
YOR230W,37,190
YER134C,37,220
YEL025C,37,241
YMR161W,37,264
YKR055W,37,290
YLR226W,37,502
YDR119W-A,38,0
YBR101C,38,11
YPR086W,38,26
YNL222W,38,39
YDR496C,38,48
YJL109C,38,50
YNR033W,38,54
YLR032W,38,57
YDR067C,38,61
YHL021C,38,61
YLR166C,38,62
YLR003C,38,64
YPR166C,38,64
YNL074C,38,66
YIL078W,38,75
YOR163W,38,75
YDR454C,38,78
YIL133C,38,79
YDR286C,38,86
YMR311C,38,87
YEL040W,38,96
YGL255W,38,96
YPL240C,38,96
YJR014W,38,101
YLR404W,38,106
YJR066W,38,107
YGR111W,38,112
YNR046W,38,114
YOR162C,38,114
YNL308C,38,117
YBR244W,38,122
YKR095W-A,38,123
YDR462W,38,124
YNL020C,38,129
YOR118W,38,134
YDR260C,38,145
YML088W,38,145
YPL084W,38,151
YEL063C,38,154
YLR199C,38,163
YHR063W-A,38,166
YLR197W,38,188
YLR357W,38,189
YLR143W,38,196
YDR262W,38,198
YBR016W,38,208
YML022W,38,211
YER105C,38,220
YPL169C,38,239
YBR193C,38,253
YML110C,38,253
YBL046W,38,314
YOR284W,39,2
YOL078W,39,25
YGR095C,39,35
YLL006W,39,36
YPR093C,39,42
YML103C,39,49
YLR364W,39,55
YDR353W,39,68
YOL086C,39,68
YCL043C,39,74
YLR381W,39,77
YDR201W,39,78
YOR038C,39,79
YPR112C,39,79
YCR044C,39,81
YMR146C,39,86
YPR183W,39,87
YPL216W,39,92
YLR250W,39,95
YJL177W,39,96
YGR009C,39,98
YNL149C,39,103
YMR250W,39,105
YGR076C,39,109
YNR049C,39,113
YLR301W,39,123
YJR094W-A,39,132
YNL168C,39,139
YNL078W,39,139
YGL136C,39,147
YDR473C,39,150
YGR254W,39,152
YPL212C,39,152
YOL109W,39,156
YNL040W,39,157
YHR078W,39,159
YOR193W,39,169
YFL014W,39,174
YNL023C,39,174
YFR036W,39,175
YGR252W,39,178
YJL171C,39,178
YBR025C,39,184
YCL032W,39,197
YJL034W,39,198
YER070W,39,205
YLR045C,39,210
YLR221C,39,211
YLR390W-A,39,222
YOR374W,39,226
YBR233W-A,39,236
YHR143W-A,39,268
YIL110W,39,566
YOR077W,39,617
YOR386W,40,1
YDR117C,40,14
YOL148C,40,21
YMR222C,40,33
YPR162C,40,37
YPL077C,40,40
YGL099W,40,43
YJR084W,40,43
YAR018C,40,44
YBL052C,40,48
YOL101C,40,54
YDL126C,40,59
YMR124W,40,64
YJL145W,40,66
YOR007C,40,73
YLL018C-A,40,78
YDR013W,40,79
YOR002W,40,79
YBR251W,40,80
YLL058W,40,80
YNL049C,40,86
YFR041C,40,92
YLL026W,40,92
YLR442C,40,94
YOR382W,40,96
YKL210W,40,97
YKR022C,40,101
YNL010W,40,101
YLL034C,40,103
YFR050C,40,118
YMR011W,40,120
YER030W,40,126
YOR368W,40,126
YBR236C,40,134
YNL264C,40,138
YGR007W,40,141
YNL148C,40,145
YDL147W,40,147
YMR174C,40,147
YMR153W,40,150
YGR037C,40,156
YNL003C,40,165
YJL168C,40,176
YER177W,40,177
YNL248C,40,195
YDR175C,40,211
YAL021C,40,229
YLR304C,40,274
YBL005W,40,305
YLR021W,41,34
YOL135C,41,35
YDR376W,41,37
YNL055C,41,38
YIR035C,41,41
YML010W,41,43
YHR188C,41,48
YGR099W,41,49
YPR023C,41,51
YJR052W,41,53
YNR065C,41,56
YOR280C,41,62
YDR329C,41,63
YKR081C,41,63
YPL083C,41,66
YHR021C,41,70
YMR173W,41,71
YPR118W,41,73
YNL173C,41,75
YJL002C,41,80
YDR330W,41,81
YDR182W,41,83
YML074C,41,84
YNL275W,41,84
YGR192C,41,89
YDL225W,41,93
YOR276W,41,93
YKL009W,41,95
YDL202W,41,96
YDR371W,41,99
YDL143W,41,100
YBL107C,41,109
YDR281C,41,110
YJL001W,41,114
YLR182W,41,122
YPL039W,41,125
YMR264W,41,127
YMR271C,41,130
YJL200C,41,131
YPR176C,41,134
YPL139C,41,142
YBR279W,41,145
YGL228W,41,146
YHR018C,41,149
YLR079W,41,150
YNR008W,41,150
YLR287C-A,41,164
YGL057C,41,165
YDR374W-A,41,166
YNL096C,41,170
YLR088W,41,172
YPR155C,41,190
YDL015C,41,199
YLR086W,41,330
YGR075C,41,421
YER032W,42,24
YNL188W,42,27
YER061C,42,29
YBR056W,42,34
YCL045C,42,34
YDL097C,42,40
YDR304C,42,47
YBL041W,42,48
YOR123C,42,48
YGR208W,42,50
YER147C,42,51
YFR051C,42,51
YDR272W,42,54
YKL165C,42,56
YAR002C-A,42,61
YLR104W,42,62
YPL071C,42,63
YGL064C,42,66
YML097C,42,67
YMR275C,42,73
YLR293C,42,78
YMR217W,42,84
YLR064W,42,86
YLR249W,42,86
YLR350W,42,90
YBR130C,42,94
YLR354C,42,97
YDL060W,42,98
YIL039W,42,99
YEL051W,42,109
YFR003C,42,113
YGL225W,42,113
YGL226C-A,42,115
YJL026W,42,137
YNL061W,42,137
YER072W,42,144
YKR068C,42,145
YOL027C,42,161
YDL233W,42,162
YGR284C,42,162
YMR233W,42,165
YCR012W,42,167
YMR295C,42,173
YHR191C,42,180
YOL054W,42,213
YDL206W,42,248
YPL015C,42,305
YPR154W,42,323
YMR223W,42,441
YPR003C,43,29
YMR158C-A,43,41
YHR019C,43,58
YLR087C,43,58
YJR040W,43,60
YLR284C,43,60
YJL148W,43,62
YIR003W,43,72
YFR001W,43,76
YNL233W,43,76
YKL175W,43,78
YDR531W,43,83
YHR013C,43,83
YPR184W,43,84
YGL157W,43,85
YPR036W,43,85
YPR190C,43,93
YGL242C,43,100
YGL174W,43,101
YGL105W,43,102
YDL112W,43,110
YOL049W,43,112
YDR364C,43,114
YCL005W,43,115
YLR215C,43,115
YNL100W,43,118
YER016W,43,122
YDR388W,43,123
YJL179W,43,135
YLR447C,43,135
YCR077C,43,137
YBR196C,43,138
YHR132C,43,143
YBR142W,43,145
YMR058W,43,147
YCR043C,43,148
YOR025W,43,149
YML060W,43,151
YHR159W,43,162
YNL107W,43,164
YDL197C,43,165
YBR065C,43,167
YMR115W,43,194
YER034W,43,198
YFL025C,43,203
YDR009W,43,206
YJR124C,43,238
YDL004W,43,242
YLR418C,43,307
YJL143W,43,314
YKL068W-A,43,335
YMR268C,43,952
YOR060C,43,1335
YLR401C,44,22
YOR089C,44,22
YOR093C,44,26
YOR350C,44,26
YOR157C,44,27
YOR149C,44,32
YOR321W,44,33
YLR275W,44,45
YPL262W,44,45
YHR075C,44,48
YMR071C,44,49
YLR207W,44,55
YJL097W,44,56
YOR298W,44,60
YDL219W,44,61
YOL029C,44,64
YHR062C,44,67
YHR167W,44,70
YGL077C,44,75
YDL072C,44,76
YCR088W,44,77
YDL099W,44,79
YMR158W,44,84
YJL074C,44,86
YNR020C,44,86
YPL067C,44,88
YDR189W,44,90
YPL175W,44,90
YCL035C,44,92
YHR207C,44,93
YLL003W,44,96
YOR362C,44,113
YPL244C,44,117
YDR226W,44,129
YAL014C,44,138
YFL049W,44,143
YDL167C,44,151
YGR173W,44,215
YDL148C,44,231
YDL176W,44,232
YKR039W,44,232
YDR069C,44,281
YIL145C,44,331
YPL191C,44,425
YJR135C,44,1407
YMR253C,45,2
YMR258C,45,15
YBR052C,45,31
YMR213W,45,32
YLL036C,45,37
YGR253C,45,40
YJL076W,45,44
YKL114C,45,59
YLR110C,45,60
YOR103C,45,65
YHR215W,45,67
YOR081C,45,67
YJL044C,45,69
YPL007C,45,76
YJR011C,45,79
YBR047W,45,81
YLR082C,45,82
YBR166C,45,86
YDR143C,45,86
YMR262W,45,87
YNL191W,45,87
YER002W,45,90
YHR180W,45,93
YOL102C,45,96
YMR284W,45,101
YGR131W,45,107
YBR058C-A,45,108
YJL196C,45,110
YGR070W,45,119
YNR018W,45,123
YJL011C,45,126
YPR122W,45,132
YDR465C,45,136
YHR163W,45,140
YBR106W,45,141
YDR267C,45,141
YMR086W,45,144
YLR413W,45,152
YCL061C,45,154
YFL034C-B,45,154
YBR274W,45,194
YMR122W-A,45,247
YER025W,45,262
YML115C,46,30
YER168C,46,36
YMR113W,46,42
YBL089W,46,49
YOL077C,46,49
YCL011C,46,55
YGL248W,46,56
YOL090W,46,69
YLR426W,46,75
YNL005C,46,77
YLR186W,46,78
YLR410W,46,80
YGR106C,46,85
YIL044C,46,88
YIR037W,46,92
YAL056W,46,93
YMR292W,46,96
YGR141W,46,99
YGL030W,46,100
YDR499W,46,116
YCR005C,46,126
YEL050C,46,130
YDR415C,46,138
YOR120W,46,140
YDL212W,46,145
YBR127C,46,148
YIL121W,46,158
YLR183C,46,168
YDR529C,46,170
YGL140C,46,217
YJR106W,46,242
YOL042W,46,305
YJL149W,46,310
YDR532C,47,17
YDR217C,47,42
YHR057C,47,43
YBR234C,47,45
YOR160W,47,47
YPR173C,47,48
YOR291W,47,66
YNR067C,47,82
YDL081C,47,84
YPL030W,47,87
YDR320C,47,89
YML041C,47,89
YBR253W,47,93
YPL111W,47,94
YGR142W,47,97
YOL113W,47,98
YPR026W,47,101
YNR034W-A,47,103
YHR179W,47,105
YGL208W,47,107
YHR016C,47,109
YGL142C,47,110
YBR227C,47,111
YGL244W,47,111
YGL056C,47,117
YAL046C,47,120
YML012W,47,127
YER012W,47,132
YPR056W,47,135
YHR178W,47,139
YOR019W,47,140
YHR114W,47,141
YOR294W,47,150
YBR204C,47,159
YFR005C,47,179
YML023C,47,205
YNL211C,47,210
YDR519W,47,227
YMR104C,47,233
YNL127W,47,272
YFR032C-B,47,283
YJR005W,47,291
YMR140W,47,821
YMR303C,48,4
YOL159C,48,11
YAL029C,48,35
YGR145W,48,35
YBR093C,48,36
YJR064W,48,45
YOL143C,48,50
YOL121C,48,54
YKR002W,48,58
Q0130,48,61
YLR460C,48,61
YDR003W,48,66
YEL053C,48,66
YPL218W,48,68
YPR045C,48,68
YGL095C,48,70
YNR059W,48,70
YOR272W,48,70
YIL149C,48,71
YGL087C,48,83
YOL041C,48,83
YHL025W,48,86
YPR140W,48,86
YGR235C,48,88
YBR002C,48,91
YOR106W,48,94
YDR059C,48,95
YDR186C,48,96
YDR288W,48,97
YKL096W,48,98
YDL140C,48,100
YIL124W,48,102
YIR006C,48,102
YLR268W,48,107
YGL068W,48,110
YHR081W,48,125
YLR163C,48,132
YPR067W,48,133
YBR230W-A,48,134
YML081C-A,48,136
YOR018W,48,141
YGR082W,48,149
YNL081C,48,159
YDR188W,48,166
YBL042C,48,170
YPL180W,48,178
YBR041W,48,182
YAR028W,48,197
YJR075W,48,199
YPR029C,48,203
YKL134C,48,212
YMR287C,48,212
YDL067C,48,221
YJR077C,48,227
YHR027C,48,232
YKR071C,48,246
YNR039C,48,691
YGR040W,48,804
YER140W,48,1065
YIR033W,48,1288
YPL003W,49,0
YIL146C,49,28
YDR190C,49,38
YPR167C,49,38
YMR160W,49,41
YOL025W,49,48
YKR082W,49,53
YGR271C-A,49,55
YBR036C,49,57
YBL038W,49,64
YGL027C,49,68
YHR154W,49,74
YCR009C,49,75
YDL108W,49,76
YBR017C,49,77
YDL031W,49,77
YIR016W,49,78
YLR201C,49,78
YBR155W,49,80
YGL200C,49,83
YNL082W,49,85
YNL151C,49,90
YPR139C,49,97
YNL121C,49,99
YAL049C,49,100
YDL191W,49,101
YJR076C,49,113
YPL178W,49,114
YML100W,49,116
YKR023W,49,118
YKL018W,49,123
YGL029W,49,127
YOR226C,49,131
YLR439W,49,141
YGL194C-A,49,155
YML020W,49,159
YNL116W,49,165
YHR107C,49,168
YPL004C,49,169
YKL096W-A,49,172
YBL002W,49,190
YOR114W,49,199
YOR239W,49,204
YNL268W,49,215
YGR132C,49,288
YER124C,49,289
YOR363C,49,289
YGR168C,49,599
YML127W,49,980
YHR035W,50,0
YGL047W,50,11
YDL165W,50,36
YAL039C,50,37
YIL137C,50,46
YFL029C,50,48
YDR337W,50,52
YLR135W,50,53
YAL058W,50,55
YMR221C,50,61
YNL243W,50,61
YIL088C,50,68
YDL177C,50,76
YER021W,50,78
YGR056W,50,83
YKL023W,50,89
YDR060W,50,90
YLR438C-A,50,90
YOL145C,50,95
YEL071W,50,100
YHR190W,50,100
YPR114W,50,101
YDR449C,50,109
YOR125C,50,115
YGR215W,50,116
YMR239C,50,119
YBR023C,50,120
YHR047C,50,122
YLR360W,50,138
YOR004W,50,143
YLR020C,50,147
YGR162W,50,152
YNL326C,50,153
YDR055W,50,160
YMR313C,50,162
YDR358W,50,163
YJR097W,50,163
YER041W,50,164
YCR030C,50,165
YGR071C,50,171
YIR009W,50,177
YLR423C,50,197
YDL107W,50,200
YGL045W,50,201
YOR298C-A,50,203
YGL126W,50,242
YLR190W,50,380
YJR048W,50,892
YMR204C,51,0
YDL123W,51,11
YOR311C,51,11
YDR309C,51,18
YDR411C,51,38
YPL029W,51,43
YPL151C,51,46
YIL065C,51,53
YHR077C,51,53
YAL043C,51,57
YDL116W,51,57
YGR223C,51,66
YPL266W,51,66
YBR128C,51,71
YGR048W,51,78
YJL197W,51,78
YDR397C,51,81
YDL113C,51,96
YJL205C,51,96
YKL159C,51,96
YER090W,51,105
YLR356W,51,105
YKL130C,51,111
YOR215C,51,118
YBR170C,51,119
YGL141W,51,129
YOL110W,51,133
YDR405W,51,138
YKL142W,51,138
YGL079W,51,143
YDR070C,51,144
YMR237W,51,166
YPL160W,51,172
YKR013W,51,188
YDR276C,51,199
YJL003W,51,200
YBR068C,51,201
YHR051W,51,453
YMR052W,51,708
YPL133C,52,17
YGL145W,52,22
YGR004W,52,33
YNL330C,52,35
YBR053C,52,42
YLR002C,52,48
YGL020C,52,54
YKL059C,52,65
YOR251C,52,68
YER087W,52,70
YOR115C,52,78
YLR178C,52,80
YMR054W,52,81
YPL085W,52,94
YFL038C,52,95
YLR066W,52,95
YHR170W,52,101
YPL082C,52,101
YDL131W,52,104
YLR068W,52,111
YNL036W,52,111
YPL234C,52,116
YPR010C,52,125
YKR018C,52,127
YHR055C,52,129
YDL164C,52,132
YMR111C,52,133
YGL091C,52,136
YGR167W,52,137
YNL323W,52,144
YOR051C,52,146
YCL029C,52,147
YLR353W,52,153
YPR158W,52,160
YOR227W,52,163
YGL010W,52,173
YGR112W,52,173
YPR147C,52,186
YOR260W,52,201
YEL056W,52,242
YDR014W,52,264
YOR085W,52,278
YLR361C,52,296
YPR104C,52,336
YLL025W,52,395
YMR299C,52,499
YKL217W,53,1
YGR097W,53,6
YER167W,53,26
YGR217W,53,40
YLR095C,53,43
YOL002C,53,43
YKL018C-A,53,48
YFR048W,53,49
YFR031C,53,53
YCR072C,53,60
YOR130C,53,65
YLR127C,53,71
YOR352W,53,72
YIL075C,53,75
YHR138C,53,80
YGR072W,53,85
YER029C,53,90
YIL020C,53,99
YCR093W,53,101
YGR116W,53,104
YOL052C,53,107
YPL129W,53,108
YEL002C,53,121
YKL196C,53,121
YGR020C,53,131
YEL032W,53,140
YKL137W,53,151
YDL130W-A,53,164
YLR193C,53,166
YGR264C,53,178
YGR181W,53,179
YMR044W,53,187
YBR200W,53,217
YKL077W,53,258
YLL041C,53,259
YLR395C,53,273
YBR153W,53,339
YKR064W,53,560
YOR097C,53,585
YBL106C,54,35
YMR240C,54,39
YNL193W,54,50
YPL245W,54,58
YDL078C,54,59
YDL230W,54,60
YGL233W,54,67
YER078C,54,69
YOL044W,54,70
YLR078C,54,72
YIR042C,54,73
YOR098C,54,77
YMR227C,54,78
YNL274C,54,79
YBL068W,54,84
YDR166C,54,84
YGL120C,54,84
YHR094C,54,86
YHR059W,54,89
YBR004C,54,91
YDR132C,54,91
YDR299W,54,94
YKR001C,54,100
YGL181W,54,112
YHR149C,54,116
YKR062W,54,125
YIL008W,54,126
YPL173W,54,133
YMR001C,54,134
YHR122W,54,147
YOR137C,54,149
YHR089C,54,169
YLR033W,54,195
YER091C,54,200
YGR158C,54,202
YPL188W,54,205
YBR297W,54,209
YPR111W,54,230
YJL139C,54,789
YOR056C,55,7
YLR015W,55,16
YJL154C,55,28
YPR131C,55,32
YFR030W,55,47
YPL217C,55,49
YPR164W,55,53
YIL104C,55,56
YFR007W,55,57
YNL084C,55,57
YNR047W,55,57
YDR296W,55,76
YBL039C,55,80
YGL036W,55,87
YKL143W,55,88
YPR148C,55,90
YGR147C,55,99
YDL054C,55,102
YML051W,55,102
YNL118C,55,104
YOL057W,55,108
YDR084C,55,109
YJR043C,55,112
YPL098C,55,113
YGL037C,55,116
YBR138C,55,125
YBR265W,55,125
YER103W,55,129
YMR289W,55,140
YJL083W,55,144
YPR145W,55,148
YBR061C,55,156
YLR210W,55,174
YML098W,55,180
YPL046C,55,202
YMR203W,55,221
YER095W,55,228
YPL078C,55,231
YJL159W,55,304
YLR057W,56,17
YKL214C,56,40
YLR383W,56,45
YHR196W,56,47
YDR383C,56,50
YPL006W,56,60
YGR163W,56,63
YDL124W,56,73
YDR494W,56,74
YDL207W,56,77
YGR093W,56,79
YGL234W,56,88
YNL293W,56,90
YBR094W,56,91
YMR029C,56,92
YJL137C,56,95
YGL246C,56,96
YGR146C,56,100
YLR225C,56,110
YDR061W,56,112
YDR399W,56,114
YDR036C,56,122
YER186C,56,124
YNL141W,56,126
YDR032C,56,131
YPR028W,56,140
YKL047W,56,141
YMR314W,56,160
YKL215C,56,163
YPL081W,56,174
YNL030W,56,178
YNL160W,56,206
YLR153C,56,236
YGL206C,56,270
YOL164W,56,414
YNL316C,57,10
YJL216C,57,26
YLR316C,57,40
YLR073C,57,53
YPR169W,57,55
YGL119W,57,63
YMR090W,57,67
YDR487C,57,80
YIL015W,57,80
YOR375C,57,81
YBL069W,57,82
YDL201W,57,85
YJR001W,57,85
YDL103C,57,92
YJL167W,57,95
YGL001C,57,100
YGR165W,57,119
YDR245W,57,144
YDR448W,57,145
YDR211W,57,166
YDR079C-A,57,168
YKL067W,57,195
YNL035C,57,195
YDR327W,57,232
YDR264C,57,239
YLR180W,57,247
YEL027W,57,248
YDR524C,57,271
YBR085C-A,57,334
YBR046C,58,19
YMR021C,58,21
YBR231C,58,41
YOR110W,58,47
YCL001W,58,48
YDR533C,58,49
YJR148W,58,51
YKL174C,58,67
YPR182W,58,78
YDL030W,58,80
YGL022W,58,81
YGL097W,58,82
YBR104W,58,89
YGR101W,58,89
YIL036W,58,104
YMR129W,58,108
YMR198W,58,114
YDR129C,58,121
YJL041W,58,130
YBR257W,58,142
YHR108W,58,142
YDR408C,58,144
YJL133C-A,58,144
YLR363W-A,58,144
YCL037C,58,159
YOR095C,58,160
YIL069C,58,171
YBL023C,58,194
YGR211W,58,200
YPL093W,58,239
YER149C,58,265
YCR061W,58,360
YPR152C,58,376
YDL028C,58,636
YNL215W,59,44
YLR167W,59,50
YIL027C,59,64
YDR453C,59,66
YOR264W,59,66
YNL182C,59,67
YIL017C,59,76
YHR181W,59,89
YER176W,59,94
YNL320W,59,105
YBR126C,59,106
YER068W,59,107
YER155C,59,131
YLR359W,59,135
YIL125W,59,154
YDL110C,59,158
YHR072W-A,59,160
YOR274W,59,160
YNL044W,59,162
YCR028C-A,59,165
YDR297W,59,165
YDR145W,59,180
YGL201C,59,182
YPL229W,59,202
YGL058W,59,222
YBR071W,59,262
YNR026C,59,272
YLR092W,59,287
YNL158W,59,388
YOR053W,59,625
YPL100W,59,904
YJR030C,60,6
YPL214C,60,38
YBL060W,60,46
YJL204C,60,48
YPR081C,60,52
YHR071W,60,58
YLL002W,60,64
YLR384C,60,66
YGL107C,60,68
YDR248C,60,75
YDR056C,60,86
YPL206C,60,90
YHR044C,60,91
YML068W,60,91
YMR188C,60,96
YOR297C,60,113
YJR059W,60,126
YMR105C,60,126
YGR105W,60,160
YBR072W,60,165
YJR136C,60,181
YDR002W,60,186
YOL056W,60,220
YHR128W,60,221
YER133W,60,229
YPL226W,60,254
YNL095C,60,261
YGR113W,60,291
YDR464W,60,354
YBL051C,60,416
YOL067C,60,1002
YGL204C,61,0
YGL013C,61,16
YER019C-A,61,19
YDR416W,61,20
YMR259C,61,35
YGR200C,61,45
YPL274W,61,46
YLR154C,61,56
YKR089C,61,57
YPL222W,61,62
YJR125C,61,64
YML070W,61,65
YDR212W,61,66
YDL174C,61,67
YER151C,61,69
YFR009W,61,71
YJL056C,61,78
YGR135W,61,81
YDL018C,61,85
YNL138W-A,61,87
YDR164C,61,90
YJL060W,61,90
YKL099C,61,92
YDR373W,61,94
YBR160W,61,96
YNL163C,61,104
YOR079C,61,104
YFR022W,61,109
YPL091W,61,112
YNL181W,61,116
YAL024C,61,127
YKR070W,61,130
YKL045W,61,135
YGR246C,61,149
YLR319C,61,157
YOR133W,61,187
YGR133W,61,191
YDL085C-A,61,222
YPR036W-A,61,225
YML120C,61,330
YDL142C,61,504
YMR316C-A,61,646
YDL104C,62,30
YJR100C,62,47
YDL168W,62,54
YPL026C,62,54
YPL196W,62,64
YOR091W,62,66
YDR514C,62,71
YCR094W,62,73
YHR003C,62,76
YKR061W,62,78
YBR014C,62,86
YLR340W,62,86
YNL088W,62,109
YGL196W,62,116
YLR056W,62,122
YPL059W,62,137
YDL193W,62,144
YKL145W,62,152
YDR225W,62,156
YML064C,62,172
YIL157C,62,176
YLR355C,62,195
YML108W,62,201
YBR146W,62,204
YLR192C,62,214
YPR073C,62,222
YMR002W,62,240
YGL191W,62,246
YGL080W,62,256
YLR369W,62,570
YKL144C,62,665
YCR020W-B,62,779
YLL005C,63,0
YGL186C,63,21
YOL031C,63,23
YPL112C,63,41
YML061C,63,49
YPR161C,63,67
YKR077W,63,70
YOL032W,63,70
YLR440C,63,73
YCR095C,63,79
YJR118C,63,85
YCL050C,63,86
YOL139C,63,92
YBR145W,63,100
YDR179C,63,105
YBR102C,63,116
YER132C,63,122
YPR060C,63,122
YPL183W-A,63,128
YNL070W,63,136
YOR319W,63,136
YOR117W,63,137
YFR018C,63,138
YER086W,63,141
YOR221C,63,150
YJR140C,63,197
YCR026C,63,215
YNL265C,63,216
YER079W,63,250
YOR154W,63,365
YIL068C,64,9
YIL094C,64,27
YOR023C,64,29
YHR011W,64,36
YOR132W,64,38
YBR123C,64,49
YOL138C,64,49
YBR188C,64,52
YHR166C,64,54
YJL176C,64,59
YMR009W,64,65
YBR241C,64,68
YNL001W,64,73
YJL115W,64,83
YGL117W,64,86
YER008C,64,92
YDR261C,64,95
YBR235W,64,98
YNL110C,64,98
YDR216W,64,102
YOR262W,64,103
YDR273W,64,112
YBR030W,64,115
YJL094C,64,117
YLR090W,64,117
YJL061W,64,118
YJR130C,64,119
YAL005C,64,127
YDR341C,64,133
YIL021W,64,133
YKL103C,64,154
YER011W,64,156
YML059C,64,156
YJR044C,64,157
YGR175C,64,159
YMR309C,64,160
YJL162C,64,164
YHR112C,64,177
YGR083C,64,223
YPL163C,64,242
YPR034W,64,247
YLR448W,64,249
YOR358W,64,277
YPR065W,64,314
YHR101C,64,707
YBR070C,65,18
YIL099W,65,22
YOR194C,65,41
YAR007C,65,52
YNL025C,65,56
YOR246C,65,61
YMR316W,65,69
YML069W,65,78
YGL084C,65,84
YGL135W,65,94
YMR149W,65,94
YFL008W,65,95
YMR083W,65,96
YLR203C,65,97
YMR093W,65,102
YMR028W,65,103
YNL212W,65,105
YPL220W,65,107
YIR002C,65,110
YCL012C,65,115
YBL101C,65,118
YBL026W,65,128
YCR091W,65,128
YOL061W,65,129
YOR131C,65,133
YML053C,65,134
YLR148W,65,136
YJR094C,65,144
YBL003C,65,147
YNL165W,65,150
YLR260W,65,165
YJL078C,65,183
YOL038C-A,65,199
YDL106C,65,231
YMR205C,65,292
YBR201C-A,66,27
YGR220C,66,46
YKL133C,66,48
YOL048C,66,49
YBR179C,66,51
YKR044W,66,61
Q0275,66,65
YLR114C,66,65
YPL052W,66,84
YEL029C,66,89
YOR031W,66,99
YAL012W,66,101
YER048C,66,102
YDR200C,66,108
YOR340C,66,112
YLR025W,66,119
YBR295W,66,131
YGL104C,66,134
YDR382W,66,147
YER063W,66,148
YER143W,66,149
YOL018C,66,159
YDR313C,66,174
YFL037W,66,226
YDL046W,66,271
YOL007C,66,336
YNL134C,67,28
YOR290C,67,42
YOL107W,67,50
YKL016C,67,71
YGR166W,67,72
YLR289W,67,73
YPR058W,67,78
YOR305W,67,89
YER172C,67,93
YDL183C,67,101
YOL010W,67,101
YER026C,67,105
YJR143C,67,107
YNL042W,67,110
YDR483W,67,114
YJR025C,67,128
YNL267W,67,133
YPL010W,67,148
YGL124C,67,157
YKR067W,67,157
YLR258W,67,361
YOL164W-A,67,403
YBL034C,68,10
YBR060C,68,30
YMR145C,68,31
YBL001C,68,40
YBR120C,68,42
YBR044C,68,44
YJL047C,68,45
YMR027W,68,46
YLR387C,68,54
YGR119C,68,56
YDR160W,68,59
YMR183C,68,87
YMR056C,68,97
YHR121W,68,99
YBR095C,68,105
YDR381C-A,68,107
YOR069W,68,116
YNL221C,68,125
YAL007C,68,126
YOL128C,68,134
YDR307W,68,141
YDR328C,68,173
YDR068W,68,175
YMR291W,68,176
YIL093C,68,177
YHR087W,68,185
YBR220C,68,207
YHR001W-A,68,207
YGR266W,68,229
YLR287C,68,234
YOR057W,68,270
YFL031W,68,416
YGL054C,69,16
YBR270C,69,38
YKL019W,69,83
YOR369C,69,85
YOR099W,69,88
YOR327C,69,102
YPL207W,69,104
YPL053C,69,104
YGL009C,69,119
YIR010W,69,128
YDR510W,69,133
YLR327C,69,147
YOR171C,69,161
YPL250C,69,162
YMR247W-A,69,178
YJR041C,69,192
YLR324W,69,218
YER048W-A,69,332
YLR345W,69,366
YPR053C,70,0
YIL085C,70,44
YFR017C,70,48
YOR271C,70,52
YHL028W,70,60
YGL128C,70,77
YNL093W,70,101
YFR015C,70,112
YOR043W,70,142
YNR030W,70,149
YBR084W,70,162
YMR307W,70,181
YMR177W,70,195
YGR255C,70,220
YDL002C,70,262
YLR211C,70,338
YIL102C-A,70,1147
YOL125W,71,12
YOL151W,71,18
YMR247C,71,50
YGR189C,71,58
YLR133W,71,65
YDR037W,71,68
YMR152W,71,74
YLR267W,71,75
YJL049W,71,79
YLR314C,71,82
YJL070C,71,87
YDR254W,71,88
YGL019W,71,99
YMR315W,71,99
YER044C,71,101
YIL126W,71,130
YAL008W,71,134
YDR222W,71,152
YDR368W,71,164
YMR266W,71,171
YOR372C,71,180
YNL024C-A,71,243
YER040W,71,256
YOR229W,71,346
YDR314C,72,7
YLR093C,72,17
YJR058C,72,21
YGR060W,72,49
YPR108W,72,56
YMR005W,72,62
YML130C,72,66
YJR134C,72,79
YOR181W,72,82
YKL211C,72,108
YLR238W,72,110
YLR094C,72,112
YML113W,72,127
YKL008C,72,135
YGR008C,72,137
YBR119W,72,146
YGL038C,72,146
YGR092W,72,160
YLL051C,72,162
YKL035W,72,170
YNL021W,72,221
YOR195W,72,227
YNR068C,72,239
YLR091W,72,270
YKR052C,72,326
YPL202C,72,361
YMR132C,72,1284
YGL114W,73,47
YDL074C,73,86
YDR092W,73,86
YPL066W,73,86
YDR475C,73,88
YGR237C,73,126
YOL147C,73,127
YOL058W,73,131
YGR035C,73,146
YOR217W,73,230
YGR170W,73,276
YDR062W,73,290
YDR077W,73,327
YCL026C-B,74,38
YBR165W,74,46
YML071C,74,51
YLR306W,74,63
YOL034W,74,63
YER082C,74,69
YNL254C,74,73
YJR042W,74,82
YKL053C-A,74,89
YKL082C,74,91
YER077C,74,94
YMR088C,74,94
YFL023W,74,97
YKR099W,74,110
YOR022C,74,114
YOR187W,74,121
YJL020C,74,122
YDR018C,74,126
YBR199W,74,130
YIL131C,74,131
YLR196W,74,131
YLR188W,74,135
YHR068W,74,140
YKL209C,74,149
YGR230W,74,157
YKR021W,74,161
YPR041W,74,178
YKR093W,74,202
YHR157W,74,211
YPL189C-A,74,214
YGR030C,74,292
YDR091C,74,313
YGL092W,75,22
YIR031C,75,33
YDR357C,75,38
YBR276C,75,52
YML109W,75,59
YBL050W,75,63
YBR073W,75,64
YGL061C,75,74
YNL280C,75,82
YHL020C,75,100
YLR181C,75,102
YPL219W,75,111
YHR098C,75,122
YGL156W,75,130
YHL017W,75,130
YJL052W,75,131
YJR111C,75,138
YKL170W,75,138
YHR046C,75,141
YOR175C,75,142
YJL036W,75,143
YGR091W,75,144
YHR092C,75,163
YML034W,75,166
YBL032W,75,174
YOR166C,75,174
YNL241C,75,179
YOL098C,75,245
YPR133C,76,51
YKL154W,76,55
YBL081W,76,59
YJL183W,76,65
YJL163C,76,65
YMR047C,76,69
YPL247C,76,77
YFL022C,76,78
YNL056W,76,80
YDR440W,76,82
YDR497C,76,85
YBR162W-A,76,89
YNL224C,76,100
YLR189C,76,113
YOL088C,76,123
YPL048W,76,139
YOL030W,76,144
YMR077C,76,150
YBR202W,76,164
YDR459C,76,171
YLR452C,76,184
YIR001C,76,223
YDR525W-A,76,229
YDR074W,76,239
YCR023C,76,245
YDR377W,76,405
YPL054W,77,0
YDR021W,77,29
YNL283C,77,30
YKL020C,77,66
YNR024W,77,66
YDR171W,77,86
YMR265C,77,86
YLR083C,77,87
YMR126C,77,88
YPL195W,77,93
YOR108W,77,106
YJR031C,77,108
YHR009C,77,133
YCR021C,77,138
YMR125W,77,140
YGL078C,77,169
YDR207C,77,176
YKL164C,77,233
YNR034W,77,237
YPR115W,77,241
YGL102C,77,411
YLL043W,78,15
YNR032W,78,51
YDR295C,78,52
YDR071C,78,60
YDR046C,78,62
YJR034W,78,65
YMR168C,78,74
YMR130W,78,77
YKL002W,78,78
YDR334W,78,106
YMR297W,78,108
YDL241W,78,111
YHR183W,78,121
YJL042W,78,123
YMR195W,78,127
YOR127W,78,169
YOR269W,78,175
YGL040C,78,183
YNL309W,78,191
YKL120W,78,196
YBL015W,78,242
YOL144W,79,41
YDR159W,79,67
YKR098C,79,71
YMR020W,79,77
YMR196W,79,122
YNL216W,79,129
YGL082W,79,156
YOR129C,79,189
YLR431C,79,203
YGL250W,79,213
YNL075W,79,214
YLR038C,79,291
YGR183C,79,338
YPR032W,79,582
YJL009W,79,655
YER053C-A,80,5
YCL004W,80,39
YLR126C,80,44
YMR068W,80,45
YGL134W,80,49
YFR016C,80,52
YKL074C,80,61
YLR243W,80,75
YBR198C,80,76
YMR006C,80,85
YER052C,80,90
YFR040W,80,101
YBR237W,80,106
YJL217W,80,115
YLL027W,80,115
YHR030C,80,126
YHR073W,80,146
YGR161C,80,209
YOR315W,80,220
YDR035W,80,231
YGR057C,80,322
YER136W,80,326
YMR080C,80,388
YDL017W,80,456
YGR279C,81,0
YJR137C,81,26
YGR201C,81,33
YPR004C,81,33
YHR103W,81,37
YLL062C,81,55
YOR381W,81,72
YLR018C,81,77
YBR121C,81,81
YPL231W,81,85
YDL095W,81,97
YHL004W,81,102
YOR356W,81,118
YLR380W,81,132
YJR101W,81,145
YML075C,81,145
YPL022W,81,146
YDR384C,81,149
YGR016W,81,178
YNL124W,81,178
YDR227W,81,195
YIL014C-A,81,321
YBL056W,81,394
YOR087W,82,18
YBR248C,82,49
YMR042W,82,49
YLR272C,82,51
YGR094W,82,82
YER122C,82,122
YDL102W,82,126
YBL037W,82,141
YGL180W,82,160
YDL120W,82,169
YOR377W,82,234
YJL084C,83,0
YMR147W,83,6
YMR092C,83,57
YDR026C,83,61
YJR122W,83,61
YDR177W,83,64
YGR053C,83,66
YGR247W,83,70
YJR099W,83,76
YKL208W,83,81
YER112W,83,90
YFR010W,83,92
YOL089C,83,93
YHR072W,83,94
YJL209W,83,95
YDR268W,83,101
YOL017W,83,103
YHR008C,83,110
YDR034W-B,83,130
YOR283W,83,145
YDL059C,83,212
YJL199C,83,216
YGL003C,83,241
YGR249W,83,286
YCR054C,83,428
YGL237C,83,1292
YML046W,84,21
YMR023C,84,47
YJL140W,84,52
YML001W,84,55
YBR096W,84,70
YHR005C,84,80
YLR099C,84,100
YER093C-A,84,121
YOL043C,84,155
YPR191W,84,164
YLR008C,84,179
YBR214W,84,180
YDR381W,84,193
YOL055C,84,203
YBR024W,84,217
YMR176W,84,263
YHR155W,84,350
YIR005W,84,445
YNL230C,84,456
YLL042C,84,648
YDR119W,85,48
YMR192W,85,83
YDR493W,85,103
YML004C,85,103
YAL023C,85,110
YHL016C,85,113
YBR135W,85,120
YKR036C,85,126
YBR022W,85,150
YKL054C,85,188
YGL139W,85,325
YJL156C,85,405
YDR140W,86,50
YNL256W,86,59
YHR039C,86,76
YER130C,86,92
YNL220W,86,95
YJR093C,86,102
YMR037C,86,117
YAL060W,86,118
YGR288W,86,138
YKR026C,86,143
YBR194W,86,160
YJR007W,86,169
YPR125W,86,171
YKL048C,86,180
YOR231W,86,192
YOL122C,86,199
YOR101W,86,211
YBR098W,86,215
YGR033C,86,246
YNL329C,87,37
YJR139C,87,41
YKR003W,87,41
YDL181W,87,88
YDL001W,87,92
YDR515W,87,97
YPL118W,87,100
YJR102C,87,103
YPR072W,87,108
YLR310C,87,110
YOR016C,87,121
YAL026C,87,127
YFL045C,87,133
YDR179W-A,87,171
YOR147W,87,174
YMR277W,87,175
YDL203C,87,233
YPL159C,87,249
YCR065W,88,36
YHR186C,88,52
YLR254C,88,56
YAL041W,88,58
YEL052W,88,61
YKL033W-A,88,71
YMR220W,88,75
YER056C,88,88
YFR021W,88,89
YLR042C,88,94
YDL022W,88,116
YIL135C,88,118
YER175C,88,138
YOR191W,88,139
YDR520C,88,156
YMR039C,88,156
YER042W,88,164
YJL138C,88,166
YNR061C,88,285
YPL047W,88,332
YDR020C,88,386
YPL020C,89,76
YMR040W,89,77
YNL080C,89,79
YJR109C,89,80
YGL257C,89,87
YIL109C,89,96
YMR014W,89,99
YDR153C,89,109
YER055C,89,110
YCR079W,89,123
YOR047C,89,127
YJL141C,89,129
YGL160W,89,134
YHR104W,89,139
YCR028C,89,140
YML082W,89,143
YCR047C,89,146
YFR053C,89,148
YKL087C,89,185
YGL113W,89,226
YOR219C,89,321
YDR367W,90,29
YOR078W,90,59
YBR163W,90,77
YPR079W,90,77
YMR242C,90,81
YDR349C,90,96
YIL083C,90,96
YJR133W,90,107
YDR347W,90,111
YER139C,90,121
YBL102W,90,149
YJR010W,90,151
YBR085W,90,168
YDL128W,90,174
YGL169W,90,206
YKL153W,90,281
YIL144W,91,2
YNL169C,91,35
YBL004W,91,60
YPL168W,91,61
YPR106W,91,75
YEL039C,91,82
YDR066C,91,91
YPL243W,91,104
YDR228C,91,113
YPR001W,91,121
YJL161W,91,168
YGL005C,91,266
YNL172W,91,269
YBL030C,91,275
YKL080W,92,30
YHR124W,92,34
YGR269W,92,43
YIL001W,92,54
YGL185C,92,63
YOR109W,92,71
YNL132W,92,72
YOL083W,92,86
YDR394W,92,88
YKL073W,92,95
YLR389C,92,98
YPR157W,92,110
YER045C,92,116
YPR163C,92,133
YDR097C,92,175
YBR039W,92,180
YMR131C,93,46
YMR296C,93,51
YLR001C,93,53
YFL018C,93,59
YBL055C,93,71
YNR012W,93,81
YGR193C,93,83
YPR085C,93,85
YDR123C,93,136
YOR320C,93,152
YNL046W,93,155
YBR038W,93,173
YHR090C,93,223
YER064C,93,232
YNL300W,93,257
YJL127C,93,266
YPL265W,93,283
YDR082W,93,442
YLR437C,94,2
YNL051W,94,40
YGL203C,94,46
YPL235W,94,65
YDR539W,94,69
YLR454W,94,74
YPL230W,94,95
YIL046W,94,99
YEL012W,94,107
YDR204W,94,108
YNL129W,94,118
YHL011C,94,121
YGL207W,94,126
YIL108W,94,128
YBR176W,94,146
YJR132W,94,147
YJL132W,94,162
YAR042W,94,165
YGL055W,94,225
YER158W-A,94,309
YGR169C-A,94,351
YPL190C,94,395
YGR257C,95,30
YMR121C,95,37
YGR233C,95,39
YGR227W,95,51
YPR094W,95,55
YDR379W,95,57
YPR103W,95,60
YHR136C,95,71
YER010C,95,76
YML081W,95,76
YIL117C,95,84
YML065W,95,94
YER018C,95,104
YHR152W,95,105
YIL033C,95,108
YBR215W,95,118
YBL029C-A,95,121
YGL161C,95,132
YNL289W,95,134
YDR451C,95,148
YLR427W,95,164
YJL166W,95,170
YNL137C,95,201
YOR039W,95,259
YOR113W,95,303
YOR293C-A,96,7
YNR052C,96,33
YLL022C,96,34
YNL276C,96,47
YPL162C,96,53
YDR229W,96,56
YGR153W,96,65
YDR022C,96,81
YLR253W,96,93
YOR273C,96,114
YCL017C,96,123
YOL012C,96,134
YJL146W,96,135
YMR234W,96,143
YDR017C,96,152
YJL160C,96,156
YOR064C,96,177
YKR031C,96,206
YPL036W,96,276
YDR490C,96,531
YDR466W,97,41
YJL057C,97,59
YDR354W,97,64
YGL164C,97,64
YLR205C,97,90
YBR172C,97,110
YOR335C,97,111
YPL257W,97,112
YDR434W,97,117
YOR336W,97,139
YOR094W,97,169
YML038C,97,196
YOL039W,97,227
YOR359W,97,254
YGR221C,98,61
YPR022C,98,65
YER049W,98,86
YGR244C,98,92
YDR516C,98,93
YDR121W,98,105
YNL272C,98,110
YAL034C,98,124
YMR164C,98,126
YNR031C,98,161
YDR540C,98,274
YNL249C,98,525
YML076C,98,846
YOR347C,99,32
YKL138C,99,51
YPR105C,99,64
YPL210C,99,66
YGL123W,99,88
YBR211C,99,92
YJL059W,99,92
YBR057C,99,102
YNL185C,99,105
YLL039C,99,108
YGL039W,99,109
YER053C,99,120
YDR259C,99,121
YOR232W,99,157
YJL106W,99,215
YPL135W,99,366
YML029W,99,404
YNR011C,100,4
YLL040C,100,53
YOR084W,100,59
YPR179C,100,61
YHR102W,100,63
YJL121C,100,65
YGR187C,100,69
YGR100W,100,71
YPR074C,100,103
YKL015W,100,105
YHR004C,100,112
YDL235C,100,126
YPL117C,100,159
YOL060C,100,257
YJL099W,100,347
YOR338W,101,10
YMR207C,101,23
YHR043C,101,52
YML101C,101,56
YIL151C,101,63
YPL267W,101,65
YBL061C,101,79
YPL088W,101,79
YLL004W,101,94
YLR414C,101,104
YBR069C,101,107
YBR006W,101,118
YBL054W,101,195
YER116C,101,426
YGL154C,101,850
YNL097C-B,101,1171
YKL112W,101,1274
YMR041C,102,0
YJL019W,102,4
YNL257C,102,50
YEL044W,102,52
YNL200C,102,59
YER046W,102,74
YLR129W,102,108
YLR011W,102,125
YJL193W,102,129
YBR126W-B,102,132
YNL201C,102,170
YDR352W,102,230
YOR341W,102,282
YML027W,102,355
YDR065W,102,387
YKL135C,103,50
YPR009W,103,69
YNL213C,103,73
YIL106W,103,83
YJR103W,103,98
YDR345C,103,117
YMR127C,103,139
YDL195W,103,144
YMR267W,103,156
YDL063C,103,178
YDR265W,103,180
YGL101W,103,252
YHL043W,104,0
YAL019W,104,62
YGR195W,104,78
YDR063W,104,79
YNR001C,104,100
YLR107W,104,109
YPL049C,104,165
YDR185C,105,7
YLR070C,105,42
YLR206W,105,42
YDR113C,105,49
YOR261C,105,54
YEL026W,105,72
YDR214W,105,92
YGR018C,105,93
YNL239W,105,95
YIL118W,105,157
YOR020W-A,105,173
YLR300W,105,217
YOR052C,105,256
YPR011C,105,286
YMR200W,105,348
YOR308C,105,360
YMR103C,105,444
YNL123W,106,66
YGR245C,106,70
YGL184C,106,86
YMR055C,106,88
YNR050C,106,88
YDR395W,106,93
YPL273W,106,105
YGR130C,106,161
YER020W,106,176
YIL029C,106,354
YCR013C,106,656
YNR045W,107,40
YMR229C,107,82
YMR182C,107,107
YBR015C,107,130
YBL093C,107,135
YJR082C,107,165
YDR086C,107,172
YMR013C,107,177
YLL028W,107,194
YNR004W,107,360
YER027C,108,20
YPL149W,108,35
YKR076W,108,40
YML102W,108,55
YOR124C,108,57
YHR120W,108,58
YPL063W,108,80
YBR140C,108,84
YLR276C,108,85
YHR020W,108,86
YGL083W,108,103
YGL121C,108,147
YOR213C,108,312
YML116W,108,322
YOL159C-A,108,504
YAL053W,109,53
YHR209W,109,78
YKR011C,109,89
YDR089W,109,93
YDR007W,109,118
YFR033C,109,122
YKL056C,109,152
YDR507C,109,157
YPL170W,109,195
YDR096W,109,242
YGR086C,109,242
YNL162W-A,109,367
YNL077W,110,29
YDL171C,110,37
YER180C,110,43
YMR098C,110,43
YLR154W-C,110,91
YAR008W,110,100
YML128C,110,161
YOR355W,110,172
YKL042W,110,195
YGR152C,111,10
YBL029W,111,13
YAL028W,111,58
YMR301C,111,63
YBR154C,111,73
YGR210C,111,82
YHR135C,111,82
YBR164C,111,103
YPL150W,111,111
YOL020W,111,119
YDL003W,111,128
YMR318C,111,137
YDR482C,111,169
YIL022W,111,225
YPR024W,111,512
YDR362C,112,54
YIL095W,112,75
YGL178W,112,76
YGR088W,112,78
YJL110C,112,81
YPL045W,112,87
YBL024W,112,88
YIL035C,112,88
YER019W,112,88
YHL034C,112,129
YLR023C,112,142
YLR103C,112,148
YGL002W,112,163
YLL054C,113,47
YBL022C,113,57
YIL136W,113,85
YOR176W,113,119
YLR326W,113,126
YOR344C,113,132
YBR021W,113,140
YKL198C,113,151
YGR127W,113,212
YIL074C,114,27
YMR026C,114,49
YML119W,114,61
YGR205W,114,62
YDR027C,114,76
YPR127W,114,85
YBR187W,114,90
YNL037C,114,99
YHR129C,114,114
YDR083W,114,117
YDR379C-A,114,142
YJL155C,114,144
YKR050W,114,168
YMR201C,114,188
YGR047C,114,225
YFR039C,115,44
YDL073W,115,56
YLR432W,115,58
YPL253C,115,68
YPL272C,115,76
YEL022W,115,79
YKR010C,115,126
YER066W,115,134
YPR010C-A,115,140
YDR005C,115,161
YDR090C,115,332
YKL010C,116,55
YDL089W,116,63
YDR292C,116,63
YLR422W,116,64
YBR001C,116,68
YMR034C,116,76
YMR281W,116,94
YPR018W,116,94
YKL125W,116,135
YGR108W,116,151
YJL174W,116,171
YMR089C,116,182
YGL035C,116,225
YIL119C,116,234
YKL085W,116,390
YBR107C,116,520
YNL065W,116,632
YGL067W,117,26
YMR300C,117,39
YNL192W,117,104
YGL209W,117,107
YMR007W,117,177
YJL082W,117,220
YLR208W,117,245
YKR051W,117,332
YNL219C,117,1192
YKR028W,118,13
YJR112W,118,38
YPR035W,118,96
YER121W,118,109
YDR460W,118,145
YMR243C,118,155
YNL295W,118,155
YBR115C,119,24
YOR256C,119,45
YLR220W,119,46
YGL202W,119,69
YCR067C,119,82
YDR338C,119,109
YLR076C,119,125
YPL023C,119,130
YHR026W,119,132
YKL116C,119,307
YOR143C,120,22
YOR238W,120,94
YDR142C,120,121
YKL171W,120,134
YDL076C,120,173
YNL007C,121,33
YPR019W,121,105
YKL068W,121,116
YKL189W,121,136
YDR162C,121,164
YEL036C,122,57
YJR089W,122,62
YDR006C,122,67
YJR096W,122,81
YGL115W,122,82
YJL073W,122,89
YPL012W,122,104
YPL181W,122,107
YLR251W,122,117
YHR174W,122,119
YKL106W,122,126
YKL005C,122,160
YDR219C,122,192
YOR172W,122,196
YBR077C,122,203
YDL133W,123,0
YDR151C,123,12
YGR019W,123,12
YLR194C,123,61
YPL246C,123,68
YPL050C,123,134
YDR044W,123,138
YBL084C,123,139
YMR134W,123,153
YDR045C,123,186
YHL003C,123,208
YIL090W,123,317
YJR060W,123,590
YJL147C,124,31
YJR021C,124,79
YGR156W,124,118
YIL112W,124,120
YDR392W,124,131
YBR238C,124,232
YGR061C,124,274
YBR167C,125,49
YBL025W,125,74
YOR254C,125,74
YGR065C,125,85
YFL030W,125,87
YLL056C,125,91
YML080W,125,96
YMR012W,125,137
YNL068C,125,150
YPL239W,125,150
YPL148C,125,157
YOR228C,125,281
YFR020W,125,380
YBR264C,126,9
YMR308C,126,33
YDR524W-C,126,46
YFL027C,126,49
YEL059C-A,126,54
YPL019C,126,55
YIL056W,126,60
YMR212C,126,94
YHL026C,126,102
YPL087W,126,105
YMR305C,126,165
YEL072W,126,171
YGL155W,126,198
YMR144W,126,298
YBR222C,127,87
YMR238W,127,92
YCR057C,127,100
YOL006C,127,126
YEL068C,127,141
YNL207W,127,171
YKL218C,127,200
YLL012W,128,57
YFL039C,128,82
YEL017W,128,91
YLL029W,128,97
YLR372W,128,119
YHL009C,128,189
YDL014W,128,216
YLR297W,128,291
YBR147W,129,27
YLR244C,129,30
YNL157W,129,74
YPL092W,129,84
YMR270C,129,91
YPL157W,129,97
YGL167C,129,129
YNL155W,129,132
YJL185C,129,143
YLR106C,129,151
YKR009C,129,264
YNL032W,129,265
YPR126C,129,589
YFL007W,130,61
YNL286W,130,76
YGL116W,130,84
YHR169W,130,91
YGR202C,130,113
YER171W,130,119
YCR032W,130,133
YPL228W,130,153
YCL055W,130,178
YDR508C,130,211
YHR007C,130,248
YIL105C,131,13
YNL092W,131,39
YMR170C,131,78
YBR084C-A,131,95
YBR132C,131,125
YDL155W,131,130
YLR214W,131,133
YHL027W,131,189
YOR033C,132,0
YEL065W,132,79
YLR224W,132,87
YKR014C,132,96
YDR144C,132,98
YKL092C,132,128
YLR248W,132,145
YLL060C,132,237
YBR049C,132,248
YJL127C-B,132,269
YOL116W,132,412
YLR154W-B,133,0
YBL075C,133,67
YBR148W,133,94
YPR008W,133,109
YER165W,133,152
YDR298C,133,156
YNL097C,133,203
YBR008C,134,19
YKR072C,134,44
YMR263W,134,63
YDR365C,134,66
YLL031C,134,71
YER059W,134,72
YMR165C,134,91
YLR112W,134,157
YOR061W,134,205
YBL043W,134,223
YPL174C,135,71
YDR457W,135,73
YKR027W,135,75
YLL021W,135,113
YDR078C,135,307
YOR304C-A,135,325
YJL165C,136,7
YKL030W,136,22
YOL111C,136,30
YMR241W,136,44
YLL015W,136,49
YCR011C,136,54
YDL013W,136,85
YER119C,136,92
YNL298W,136,178
YML121W,136,181
YDR319C,137,53
YPL227C,137,55
YNR074C,137,69
YBR249C,137,88
YGR239C,137,88
YGL032C,137,101
YIL130W,137,103
YDR387C,137,132
YBR259W,137,143
YGR251W,137,204
YOL163W,137,352
YKL062W,137,402
YDL045C,138,31
YDL234C,138,62
YPL132W,138,63
YLR134W,138,99
YPR109W,138,109
YPR134W,138,122
YJL117W,139,19
YGR012W,139,25
YCL049C,139,112
YBR201W,139,126
YGR038W,139,148
YDL189W,139,231
YGR191W,139,232
YCR008W,139,250
YHR099W,139,861
YBR159W,140,88
YDL198C,140,97
YLR164W,140,102
YDL146W,140,121
YDR238C,140,168
YHL008C,140,174
YJR045C,140,197
YKL039W,140,254
YBR218C,141,94
YOR316C,141,104
YHR045W,142,21
YPL158C,142,51
YOR054C,142,54
YNL288W,142,138
YBL103C,142,186
YML035C,143,18
YDR302W,143,58
YJL129C,143,64
YFR026C,143,98
YBR239C,143,107
YDR300C,143,107
YDR237W,143,120
YOL019W,143,224
YLR451W,143,230
YLR130C,144,44
YFL004W,144,76
YHR106W,144,159
YIL005W,144,189
YDR034C,145,70
YNL263C,145,103
YDR517W,145,107
YKL150W,145,109
YGR031W,145,310
YMR169C,146,33
YMR163C,146,48
YPL024W,146,88
YER060W,146,121
YDR380W,146,123
YGR174W-A,146,131
YLR034C,146,139
YGR049W,146,215
YPL179W,146,246
YGR046W,146,344
YMR162C,146,414
YPL095C,147,40
YGL163C,147,44
YDR468C,147,53
YOL082W,147,66
YGR054W,147,76
YBR081C,147,100
YPL042C,147,111
YBR151W,147,134
YLR198C,147,144
YNR009W,147,155
YOR342C,147,170
YKL026C,147,181
YPL076W,147,246
YOR211C,147,321
YPL193W,148,23
YOL112W,148,100
YGR017W,148,115
YKL181W,148,121
YBR283C,148,139
YGR043C,148,141
YLR271W,148,230
YBR162C,148,243
YLR347C,148,247
YDL129W,148,252
YLR277C,149,62
YOR209C,149,84
YKL113C,149,105
YNL090W,149,115
YGR121C,149,146
YHR195W,149,192
YIL014W,150,3
YLR016C,150,25
YKL041W,150,78
YNL063W,150,92
YML018C,150,104
YDR280W,150,109
YOL013C,150,127
YEL042W,150,139
YGL094C,150,147
YDL055C,150,222
YLR120C,150,321
YDR279W,151,12
YDR452W,151,39
YJR008W,151,82
YBR043C,151,124
YEL037C,151,144
YPR160W,151,146
YKR080W,151,151
YAR014C,151,168
YPR151C,151,260
YMR189W,152,85
YGL176C,152,95
YGR041W,152,99
YDR206W,152,216
YLR006C,152,291
YGR184C,153,58
YHR041C,153,69
YDR306C,153,72
YJL048C,153,133
YJL101C,153,207
YBL047C,153,214
YNL016W,153,495
YDR147W,154,19
YOR302W,154,38
YDR318W,154,106
YPL140C,154,170
YOR277C,154,175
YML007W,154,221
YDR073W,154,493
YBR083W,155,53
YBR298C,155,69
YOR153W,155,92
YOR208W,155,107
YKL121W,155,109
YER004W,155,241
YHR012W,155,328
YOL130W,155,356
YDR492W,156,78
YLR450W,156,81
YDL084W,156,111
YLR436C,156,117
YOL014W,156,124
YDL088C,156,134
YDL217C,156,145
YJL005W,156,213
YKR058W,157,108
YML072C,157,136
YBL020W,158,78
YJL124C,158,204
YDR346C,158,252
YNL103W,159,82
YLR212C,159,142
YER169W,159,211
YOL023W,159,281
YIL161W,160,35
YIL107C,160,38
YGL224C,160,55
YNL331C,160,64
YHR115C,160,92
YFR049W,160,120
YKL063C,160,150
YML043C,160,155
YMR030W,160,288
YDR363W,160,925
YGR258C,161,50
YDL188C,161,85
YDR414C,161,138
YGL049C,161,158
YGL028C,161,273
YIL115C,162,32
YNL144C,162,46
YDR398W,162,92
YFL005W,162,218
YKL212W,162,270
YGR143W,162,392
YGR154C,163,0
YLR352W,163,15
YBR078W,163,41
YJL198W,163,80
YOR270C,163,106
YLL035W,163,127
YOR317W,163,231
YPL203W,163,242
YLR138W,164,52
YEL004W,164,60
YNL091W,164,75
YOR212W,164,124
YBR192W,164,272
YOL011W,165,35
YBR242W,165,50
YNL164C,165,65
YLR278C,165,73
YEL016C,165,75
YNL294C,165,143
YDL135C,166,66
YGR090W,166,66
YJL111W,166,130
YPR181C,166,219
YGL179C,167,77
YJL092W,167,92
YDR332W,167,128
YKL070W,167,295
YNL307C,167,322
YPL057C,167,361
YOR328W,167,806
YOR090C,168,119
YER159C,168,121
YGR149W,168,161
YGR117C,168,231
YHL042W,168,279
YLL032C,168,296
YBR291C,169,22
YBR031W,169,95
YHR162W,169,115
YPL058C,169,210
YKL079W,170,70
YJR083C,170,82
YDR043C,170,127
YDL056W,170,170
YDL053C,170,170
YOL126C,170,210
YDR275W,170,405
YDL077C,171,50
YLR026C,171,82
YMR261C,171,121
YJL133W,171,132
YDR075W,171,151
YCR004C,171,165
YER001W,171,291
YPR149W,171,385
YDR127W,172,54
YNL027W,172,87
YNL156C,172,102
YDR054C,172,340
YNL161W,173,68
YKL148C,173,185
YGL066W,173,230
YPR013C,173,253
YDL240W,174,2
YKR017C,174,215
YOR070C,175,78
YER073W,175,134
YNL176C,175,165
YNL101W,175,193
YPL224C,175,270
YOR058C,176,67
YOR304W,176,85
YOR005C,176,110
YKL110C,176,119
YBR125C,176,170
YDR209C,177,0
YNL240C,177,90
YGL133W,177,94
YJL213W,177,102
YPL184C,177,106
YER107C,177,113
YML111W,177,115
YMR181C,177,187
YEL024W,177,407
YDR422C,178,0
YNL047C,178,69
YAL062W,178,94
YBR157C,178,102
YOR003W,178,172
YLL048C,179,78
YPL232W,179,79
YFL009W,179,87
YLR009W,179,133
YDL037C,179,513
YLR031W,180,17
YJL164C,180,89
YMR015C,180,138
YNR014W,180,156
YFR006W,181,90
YLR257W,181,98
YLR371W,181,114
YOR086C,181,116
YMR319C,181,203
YOR112W,182,66
YJR056C,182,122
YKL051W,182,372
YOL137W,182,1299
YJL050W,183,49
YCL025C,183,79
YJL080C,183,82
YGR250C,183,94
YLR121C,183,119
YJR054W,183,128
YKL032C,183,134
YPL256C,183,188
YBL017C,184,47
YHR142W,184,79
YHL012W,184,84
YJL079C,184,165
YOR027W,185,90
YPL032C,185,109
YDR326C,185,146
YDL141W,185,264
YPL055C,186,50
YDL190C,186,125
YKL104C,186,209
YDL049C,186,229
YBL035C,187,59
YOL062C,187,68
YDR165W,187,91
YLR060W,187,107
YDR088C,187,162
YDR178W,187,171
YNL087W,187,179
YMR216C,188,186
YMR273C,189,51
YDR085C,189,63
YKL126W,190,60
YFL036W,190,61
YGL110C,190,72
YFL034W,190,120
YNL287W,190,236
YER123W,190,422
YKL014C,191,31
YLR028C,191,69
YDR283C,191,102
YPR145C-A,191,214
YMR119W,192,29
YDR001C,192,94
YER158C,192,123
YOR326W,192,152
YJL128C,193,22
YJR152W,193,71
YDR047W,193,80
YLR152C,193,87
YNL183C,193,95
YOL152W,193,106
YLR328W,193,161
YER175W-A,193,605
YLL057C,194,7
YGR180C,194,82
YOR306C,194,82
YMR199W,194,97
YDR404C,194,125
YNL189W,194,128
YDL047W,194,185
YBR066C,195,72
YER007W,195,224
YNL261W,195,266
YOL009C,196,36
YKL139W,196,52
YNL064C,196,98
YLR219W,196,136
YER118C,196,155
YBL045C,196,163
YHR216W,196,180
YKR042W,196,234
YHR061C,196,241
YOR155C,197,55
YDL025C,197,94
YFR014C,197,199
YMR171C,197,214
YLR425W,198,64
YER062C,198,147
YER028C,199,48
YCR027C,199,169
YDR293C,199,301
YLR228C,200,182
YLR048W,200,217
YKL105C,200,264
YJR107W,200,361
YLR390W,201,75
YDL205C,201,89
YCL021W-A,201,94
YER081W,201,179
YCR084C,202,324
YOL004W,203,118
YNL012W,203,169
YFL033C,203,213
YBR221C,203,214
YDR148C,204,128
YPL070W,204,185
YOR142W,204,191
YOR307C,205,72
YLR019W,206,22
YHR080C,206,48
YHR204W,206,123
YLR378C,206,144
YOL103W,206,147
YDR400W,206,151
YKL072W,206,156
YOL136C,206,307
YHR086W,206,330
YIL023C,207,105
YER035W,207,138
YMR081C,207,182
YMR108W,207,187
YOL100W,208,47
YPL141C,208,60
YLR053C,209,100
YDR253C,209,124
YNL229C,209,128
YPL204W,209,136
YNR017W,209,140
YGR171C,210,101
YCR069W,210,120
YBR082C,210,121
YPR138C,210,184
YGL044C,210,257
YOL028C,210,483
YKL184W,211,13
YDL125C,211,113
YOR008C,211,283
YGR039W,212,79
YMR139W,212,97
YMR304W,212,181
YER141W,212,1038
YGR267C,213,62
YDL215C,213,143
YPL156C,213,143
YMR283C,214,75
YDL019C,214,92
YOR174W,214,127
YER094C,214,130
YOL081W,215,66
YGR178C,215,101
YGR157W,215,107
YNL147W,216,65
YDR441C,216,99
YBR183W,216,101
YPR165W,216,185
YLR455W,216,222
YHR084W,216,311
YNL131W,216,321
YNL291C,217,90
YDR266C,217,98
YOR152C,217,149
YIL162W,218,17
YBR137W,218,137
YPR021C,219,92
YIL038C,219,137
YML106W,219,150
YDR195W,220,76
YMR096W,220,151
YOR360C,221,81
YOL097W-A,221,367
YIL055C,222,108
YLR187W,223,47
YNL290W,223,90
YKR096W,223,107
YGL125W,223,434
YOL104C,224,99
YDR348C,224,156
YGR240C,224,205
YBL049W,224,266
YNL076W,225,38
YKL024C,226,82
YBL016W,226,130
YPR097W,226,169
YIL147C,226,619
YAL061W,227,151
YMR136W,228,81
YIL129C,228,113
YGR281W,228,154
YPL008W,228,158
YMR246W,228,173
YDR232W,228,177
YER054C,229,56
YHR137W,229,98
YGL229C,230,7
YDR310C,230,80
YCR007C,230,205
YOL059W,230,248
YDR436W,231,141
YPL254W,232,75
YLR286C,232,146
YPR185W,233,295
YLL055W,234,50
YPR121W,234,136
YEL007W,234,145
YKL046C,235,24
YOR014W,235,84
YGL062W,235,235
YNL186W,236,108
YHR119W,236,117
YNL187W,236,123
YDR133C,237,150
YPL145C,237,455
YGL008C,237,492
YDR541C,238,72
YOR322C,238,125
YPL115C,238,213
YGR110W,239,51
YKL151C,239,100
YDL145C,239,138
YDR033W,239,441
YJR116W,240,109
YNR055C,241,79
YMR148W,241,174
YDR439W,242,441
YKL161C,243,21
YKL140W,243,82
YLL010C,243,232
YNL218W,245,6
YKR056W,245,63
YDL020C,245,117
YGR098C,245,155
YLR407W,245,216
YGL197W,245,642
YPL154C,246,72
YOR116C,246,98
YBR086C,247,95
YNL041C,247,158
YOR044W,247,166
YKL064W,248,157
YHR023W,250,104
YOL087C,250,106
YDR372C,250,122
YML016C,250,142
YMR070W,250,149
YNL085W,250,275
YDR234W,251,118
YDR477W,251,132
YKL109W,251,353
YKL163W,251,371
YDR389W,254,168
YGR122C-A,255,36
YDR105C,255,61
YLR108C,256,124
YEL060C,256,206
YOR151C,257,39
YNL251C,258,55
YLR342W,258,249
YNL238W,260,118
YIL045W,260,145
YGR229C,260,169
YNL271C,261,142
YDR325W,261,176
YDR247W,261,391
YDL117W,262,128
YPL258C,263,91
YOL105C,263,129
YNL231C,264,54
YML091C,264,68
YER100W,265,94
YBR158W,265,147
YDR284C,266,64
YAR023C,267,40
YBL067C,267,105
YGL256W,267,175
YDL204W,267,179
YNL094W,268,53
YDR103W,269,35
YGR089W,269,88
YGR286C,269,136
YHR143W,269,241
YOR107W,270,325
YNL190W,270,543
YER099C,271,53
YDR242W,271,142
YMR008C,271,181
YIL156W,271,201
YLL013C,272,328
YDR170C,273,173
YDR438W,274,84
YGL162W,274,107
YMR010W,274,145
YOL154W,275,70
YGL006W,275,135
YKR100C,276,15
YNL011C,276,60
YDL160C,277,54
YDR251W,277,137
YDR303C,280,110
YLR142W,281,60
YOR049C,282,130
YDR480W,282,326
YGR138C,283,67
YBL039W-B,284,117
YPR159W,284,283
YLR430W,287,73
YOR065W,289,328
YGR218W,290,198
YCR033W,294,113
YCR089W,297,594
YKL101W,298,57
YBL099W,298,267
YHR206W,298,300
YNL277W,301,91
YOR370C,301,166
YDL132W,302,67
YER089C,304,55
YKR038C,304,109
YLR299W,304,128
YML056C,309,51
YMR016C,309,113
YGL096W,313,136
YPL089C,313,136
YBL072C,315,85
YPR156C,315,195
YBR054W,315,363
YER115C,316,92
YLR089C,317,48
YDR011W,317,164
YHR161C,318,78
YNL154C,318,204
YDR028C,318,257
YAL040C,319,11
YHR001W,321,69
YKL182W,321,87
YER065C,322,93
YER114C,322,213
YLR113W,323,130
YMR075W,324,109
YGR203W,324,191
YBL105C,325,133
YKL220C,325,272
YNL053W,329,127
YEL062W,330,125
YIL048W,330,126
YKL185W,332,98
YLR403W,333,52
YDL006W,333,117
YGL173C,333,124
YBL092W,334,70
YPR117W,334,70
YFR032C-A,334,74
YMR112C,335,110
YNL167C,340,7
YGL221C,340,80
YOR010C,341,58
YBR196C-A,341,73
YIL139C,342,89
YHR091C,343,83
YOR092W,346,185
YLR223C,347,7
YKL176C,347,36
YBR208C,348,102
YBR212W,350,23
YNL197C,350,666
YOR185C,352,29
YKL004W,353,139
YNL142W,355,97
YCR015C,356,53
YEL028W,356,53
YMR100W,356,203
YKL186C,357,87
YMR102C,358,95
YIL050W,358,125
YNL066W,359,197
YOL123W,360,126
YDR335W,361,82
YER131W,362,145
YOL001W,363,235
YDL224C,365,139
YGR027C,366,45
YDR169C,367,40
YER102W,368,65
YJR155W,368,90
YAL017W,368,189
YPL016W,369,112
YDL137W,372,154
YCL024W,380,90
YGL014W,381,77
YML086C,382,92
YDR472W,383,125
YDL180W,385,34
YGL071W,385,487
YOL036W,388,141
YJL016W,389,109
YPL242C,394,134
YGL189C,397,46
YPL177C,406,86
YDR351W,410,154
YGL190C,411,103
YNR048W,412,189
YGR148C,420,135
YLR046C,421,23
YKL173W,422,87
YLR332W,423,191
YGR169C,430,82
YFL024C,432,144
YKL040C,433,224
YBR089C-A,439,134
YMR316C-B,442,50
YOR222W,442,68
YDL061C,445,144
YDL115C,452,82
YLL019C,457,122
YER088C,461,119
YGL215W,464,303
YGR032W,473,85
YLR333C,474,86
YGR243W,477,139
YGL187C,484,244
YDL134C,485,30
YKL089W,488,76
YBR293W,489,124
YGL031C,490,106
YIL123W,490,332
YGR270W,492,56
YLR388W,494,75
YOR267C,502,173
YER125W,508,377
YMR087W,510,36
YLR096W,526,158
YER129W,526,249
YMR043W,531,62
YNR016C,545,80
YGL098W,555,1423
YLR367W,564,60
YEL009C,571,72
YIR013C,576,174
Q0085,608,228
YJL130C,624,77
YDR072C,682,60
YBR029C,685,121
YNR051C,712,14
YLR169W,776,147
YHR134W,803,139
YDR099W,827,223
YJL090C,855,70
YLR154C-G,990,437
